-- =====================================================================
-- KBB Portal — Data Import (SQLite / Turso)
-- Run AFTER applying schema.sql
-- Source: Base44 entity dump — generated 2026-07-17
-- Strings use SQL single quotes; embedded apostrophes are doubled ('').
-- Arrays and objects are stored as JSON-encoded text.
-- =====================================================================

PRAGMA foreign_keys = OFF;
BEGIN TRANSACTION;

-- ---------------------------------------------------------------------
-- organizations
-- ---------------------------------------------------------------------
INSERT INTO organizations (id,name,description,admin_user_ids,slug,is_active,created_date,updated_date,created_by_id) VALUES ('6a3581a8dded9338bfd3e921','Risk & Safety Department','Manages Chemical Data Sheets and safety compliance documentation','[]',NULL,1,'2026-06-19T17:51:36.188000','2026-07-16T18:07:36.950000','6a3573092befa652a38607c4');
INSERT INTO organizations (id,name,description,admin_user_ids,slug,is_active,created_date,updated_date,created_by_id) VALUES ('6a3581a8dded9338bfd3e922','IT Applications Group','Standard Operating Procedures and IT documentation','[]',NULL,1,'2026-06-19T17:51:36.188000','2026-06-19T17:51:36.188000','6a3573092befa652a38607c4');

-- ---------------------------------------------------------------------
-- users
-- ---------------------------------------------------------------------
INSERT INTO users (id,full_name,email,role,created_date,updated_date) VALUES ('6a4bc63c84f495981f282b99','jhenderson9','jhenderson9@wcpss.net','admin','2026-07-06T15:14:04.635000','2026-07-06T15:18:16.132000');
INSERT INTO users (id,full_name,email,role,created_date,updated_date) VALUES ('6a3573092befa652a38607c4','Kevin Key','key.kevin@gmail.com','admin','2026-06-19T16:49:13.160000','2026-06-19T16:49:13.161000');

-- ---------------------------------------------------------------------
-- org_members (none in current dataset)
-- ---------------------------------------------------------------------

-- ---------------------------------------------------------------------
-- locations (Sites) — 232 records
-- ---------------------------------------------------------------------
INSERT INTO locations (id,org_id,name,is_active,pinned,created_date,updated_date,created_by_id) VALUES ('6a4bcbbaa30558e2793a78dd','6a3581a8dded9338bfd3e921','Annex Warehouse - Poole Rd.',1,0,'2026-07-06T15:37:30.130000','2026-07-06T15:37:30.130000','6a4bc63c84f495981f282b99');
INSERT INTO locations (id,org_id,name,is_active,pinned,created_date,updated_date,created_by_id) VALUES ('6a467b0eff7c2657cbbb8d43','6a3581a8dded9338bfd3e921','All Locations',1,1,'2026-07-02T14:51:58.529000','2026-07-02T14:52:01.270000','6a3573092befa652a38607c4');
INSERT INTO locations (id,org_id,name,is_active,pinned,created_date,updated_date,created_by_id) VALUES ('6a467a6e58aabb77e091d9ad','6a3581a8dded9338bfd3e921','E-56 Veridea/Jessie Drive Extension',1,0,'2026-07-02T14:49:18.227000','2026-07-02T14:49:18.227000','6a3573092befa652a38607c4');
INSERT INTO locations (id,org_id,name,is_active,pinned,created_date,updated_date,created_by_id) VALUES ('6a467a6e58aabb77e091d9ac','6a3581a8dded9338bfd3e921','Louisburg Road Site',1,0,'2026-07-02T14:49:18.227000','2026-07-02T14:49:18.227000','6a3573092befa652a38607c4');
INSERT INTO locations (id,org_id,name,is_active,pinned,created_date,updated_date,created_by_id) VALUES ('6a467a6e58aabb77e091d9b4','6a3581a8dded9338bfd3e921','Tryon Road/Yates Mill Pond Road Site',1,0,'2026-07-02T14:49:18.227000','2026-07-02T14:49:18.227000','6a3573092befa652a38607c4');
INSERT INTO locations (id,org_id,name,is_active,pinned,created_date,updated_date,created_by_id) VALUES ('6a467a6e58aabb77e091d9ab','6a3581a8dded9338bfd3e921','Little Creek Elementary School Site',1,0,'2026-07-02T14:49:18.227000','2026-07-02T14:49:18.227000','6a3573092befa652a38607c4');
INSERT INTO locations (id,org_id,name,is_active,pinned,created_date,updated_date,created_by_id) VALUES ('6a467a6e58aabb77e091d9b7','6a3581a8dded9338bfd3e921','Creedmoor Road Site',1,0,'2026-07-02T14:49:18.227000','2026-07-02T14:49:18.227000','6a3573092befa652a38607c4');
INSERT INTO locations (id,org_id,name,is_active,pinned,created_date,updated_date,created_by_id) VALUES ('6a467a6e58aabb77e091d9b0','6a3581a8dded9338bfd3e921','Capital Boulevard Central Support Services',1,0,'2026-07-02T14:49:18.227000','2026-07-02T14:49:18.227000','6a3573092befa652a38607c4');
INSERT INTO locations (id,org_id,name,is_active,pinned,created_date,updated_date,created_by_id) VALUES ('6a467a6e58aabb77e091d9b8','6a3581a8dded9338bfd3e921','Wendell Boulevard @ Wendell MS',1,0,'2026-07-02T14:49:18.227000','2026-07-02T14:49:18.227000','6a3573092befa652a38607c4');
INSERT INTO locations (id,org_id,name,is_active,pinned,created_date,updated_date,created_by_id) VALUES ('6a467a6e58aabb77e091d9af','6a3581a8dded9338bfd3e921','Morrisville High School Site',1,0,'2026-07-02T14:49:18.227000','2026-07-02T14:49:18.227000','6a3573092befa652a38607c4');
INSERT INTO locations (id,org_id,name,is_active,pinned,created_date,updated_date,created_by_id) VALUES ('6a467a6e58aabb77e091d9b3','6a3581a8dded9338bfd3e921','Piney Plains Road Central Support Services',1,0,'2026-07-02T14:49:18.227000','2026-07-02T14:49:18.227000','6a3573092befa652a38607c4');
INSERT INTO locations (id,org_id,name,is_active,pinned,created_date,updated_date,created_by_id) VALUES ('6a467a6e58aabb77e091d9b1','6a3581a8dded9338bfd3e921','Bryan Road Middle School Site',1,0,'2026-07-02T14:49:18.227000','2026-07-02T14:49:18.227000','6a3573092befa652a38607c4');
INSERT INTO locations (id,org_id,name,is_active,pinned,created_date,updated_date,created_by_id) VALUES ('6a467a6e58aabb77e091d9ae','6a3581a8dded9338bfd3e921','Marshburn Road Elementary School Site',1,0,'2026-07-02T14:49:18.227000','2026-07-02T14:49:18.227000','6a3573092befa652a38607c4');
INSERT INTO locations (id,org_id,name,is_active,pinned,created_date,updated_date,created_by_id) VALUES ('6a467a6e58aabb77e091d9b5','6a3581a8dded9338bfd3e921','New Hill Olive Chapel Road Site',1,0,'2026-07-02T14:49:18.227000','2026-07-02T14:49:18.227000','6a3573092befa652a38607c4');
INSERT INTO locations (id,org_id,name,is_active,pinned,created_date,updated_date,created_by_id) VALUES ('6a467a6e58aabb77e091d9b6','6a3581a8dded9338bfd3e921','Optimist Farm Road Site @ Middle Creek HS Site (TBD)',1,0,'2026-07-02T14:49:18.227000','2026-07-02T14:49:18.227000','6a3573092befa652a38607c4');
INSERT INTO locations (id,org_id,name,is_active,pinned,created_date,updated_date,created_by_id) VALUES ('6a467a6e58aabb77e091d949','6a3581a8dded9338bfd3e921','Middle Creek High School',1,0,'2026-07-02T14:49:18.226000','2026-07-02T14:49:18.226000','6a3573092befa652a38607c4');
INSERT INTO locations (id,org_id,name,is_active,pinned,created_date,updated_date,created_by_id) VALUES ('6a467a6e58aabb77e091d94a','6a3581a8dded9338bfd3e921','Millbrook Elementary School',1,0,'2026-07-02T14:49:18.226000','2026-07-02T14:49:18.226000','6a3573092befa652a38607c4');
INSERT INTO locations (id,org_id,name,is_active,pinned,created_date,updated_date,created_by_id) VALUES ('6a467a6e58aabb77e091d94c','6a3581a8dded9338bfd3e921','Mills Park Elementary School',1,0,'2026-07-02T14:49:18.226000','2026-07-02T14:49:18.226000','6a3573092befa652a38607c4');
INSERT INTO locations (id,org_id,name,is_active,pinned,created_date,updated_date,created_by_id) VALUES ('6a467a6e58aabb77e091d95d','6a3581a8dded9338bfd3e921','Mary E Phillips High School',1,0,'2026-07-02T14:49:18.226000','2026-07-02T14:49:18.226000','6a3573092befa652a38607c4');
INSERT INTO locations (id,org_id,name,is_active,pinned,created_date,updated_date,created_by_id) VALUES ('6a467a6e58aabb77e091d993','6a3581a8dded9338bfd3e921','Wakelon Elementary School',1,0,'2026-07-02T14:49:18.226000','2026-07-02T14:49:18.226000','6a3573092befa652a38607c4');
INSERT INTO locations (id,org_id,name,is_active,pinned,created_date,updated_date,created_by_id) VALUES ('6a467a6e58aabb77e091d966','6a3581a8dded9338bfd3e921','Rand Road Elementary School',1,0,'2026-07-02T14:49:18.226000','2026-07-02T14:49:18.226000','6a3573092befa652a38607c4');
INSERT INTO locations (id,org_id,name,is_active,pinned,created_date,updated_date,created_by_id) VALUES ('6a467a6e58aabb77e091d972','6a3581a8dded9338bfd3e921','Sanderson High School',1,0,'2026-07-02T14:49:18.226000','2026-07-02T14:49:18.226000','6a3573092befa652a38607c4');
INSERT INTO locations (id,org_id,name,is_active,pinned,created_date,updated_date,created_by_id) VALUES ('6a467a6e58aabb77e091d97c','6a3581a8dded9338bfd3e921','Southeast Raleigh High School',1,0,'2026-07-02T14:49:18.226000','2026-07-02T14:49:18.226000','6a3573092befa652a38607c4');
INSERT INTO locations (id,org_id,name,is_active,pinned,created_date,updated_date,created_by_id) VALUES ('6a467a6e58aabb77e091d97f','6a3581a8dded9338bfd3e921','Sycamore Creek Elementary School',1,0,'2026-07-02T14:49:18.226000','2026-07-02T14:49:18.226000','6a3573092befa652a38607c4');
INSERT INTO locations (id,org_id,name,is_active,pinned,created_date,updated_date,created_by_id) VALUES ('6a467a6e58aabb77e091d982','6a3581a8dded9338bfd3e921','Underwood Elementary School',1,0,'2026-07-02T14:49:18.226000','2026-07-02T14:49:18.226000','6a3573092befa652a38607c4');
INSERT INTO locations (id,org_id,name,is_active,pinned,created_date,updated_date,created_by_id) VALUES ('6a467a6e58aabb77e091d98f','6a3581a8dded9338bfd3e921','Wakefield Elementary School',1,0,'2026-07-02T14:49:18.226000','2026-07-02T14:49:18.226000','6a3573092befa652a38607c4');
INSERT INTO locations (id,org_id,name,is_active,pinned,created_date,updated_date,created_by_id) VALUES ('6a467a6e58aabb77e091d9a0','6a3581a8dded9338bfd3e921','Wiley Elementary School',1,0,'2026-07-02T14:49:18.226000','2026-07-02T14:49:18.226000','6a3573092befa652a38607c4');
INSERT INTO locations (id,org_id,name,is_active,pinned,created_date,updated_date,created_by_id) VALUES ('6a467a6e58aabb77e091d958','6a3581a8dded9338bfd3e921','Olive Chapel Elementary School',1,0,'2026-07-02T14:49:18.226000','2026-07-02T14:49:18.226000','6a3573092befa652a38607c4');
INSERT INTO locations (id,org_id,name,is_active,pinned,created_date,updated_date,created_by_id) VALUES ('6a467a6e58aabb77e091d95e','6a3581a8dded9338bfd3e921','Pine Hollow Middle School',1,0,'2026-07-02T14:49:18.226000','2026-07-02T14:49:18.226000','6a3573092befa652a38607c4');
INSERT INTO locations (id,org_id,name,is_active,pinned,created_date,updated_date,created_by_id) VALUES ('6a467a6e58aabb77e091d96c','6a3581a8dded9338bfd3e921','Rolesville High School',1,0,'2026-07-02T14:49:18.226000','2026-07-02T14:49:18.226000','6a3573092befa652a38607c4');
INSERT INTO locations (id,org_id,name,is_active,pinned,created_date,updated_date,created_by_id) VALUES ('6a467a6e58aabb77e091d973','6a3581a8dded9338bfd3e921','Sanford Creek Elementary School',1,0,'2026-07-02T14:49:18.226000','2026-07-02T14:49:18.226000','6a3573092befa652a38607c4');
INSERT INTO locations (id,org_id,name,is_active,pinned,created_date,updated_date,created_by_id) VALUES ('6a467a6e58aabb77e091d976','6a3581a8dded9338bfd3e921','SCORE Academy South in Garner',1,0,'2026-07-02T14:49:18.226000','2026-07-02T14:49:18.226000','6a3573092befa652a38607c4');
INSERT INTO locations (id,org_id,name,is_active,pinned,created_date,updated_date,created_by_id) VALUES ('6a467a6e58aabb77e091d981','6a3581a8dded9338bfd3e921','Turner Creek Elementary School',1,0,'2026-07-02T14:49:18.226000','2026-07-02T14:49:18.226000','6a3573092befa652a38607c4');
INSERT INTO locations (id,org_id,name,is_active,pinned,created_date,updated_date,created_by_id) VALUES ('6a467a6e58aabb77e091d998','6a3581a8dded9338bfd3e921','Wendell Middle School',1,0,'2026-07-02T14:49:18.226000','2026-07-02T14:49:18.226000','6a3573092befa652a38607c4');
INSERT INTO locations (id,org_id,name,is_active,pinned,created_date,updated_date,created_by_id) VALUES ('6a467a6e58aabb77e091d952','6a3581a8dded9338bfd3e921','North Forest Pines Elementary School',1,0,'2026-07-02T14:49:18.226000','2026-07-02T14:49:18.226000','6a3573092befa652a38607c4');
INSERT INTO locations (id,org_id,name,is_active,pinned,created_date,updated_date,created_by_id) VALUES ('6a467a6e58aabb77e091d95a','6a3581a8dded9338bfd3e921','Partnership Elementary School',1,0,'2026-07-02T14:49:18.226000','2026-07-02T14:49:18.226000','6a3573092befa652a38607c4');
INSERT INTO locations (id,org_id,name,is_active,pinned,created_date,updated_date,created_by_id) VALUES ('6a467a6e58aabb77e091d971','6a3581a8dded9338bfd3e921','Salem Middle School',1,0,'2026-07-02T14:49:18.226000','2026-07-02T14:49:18.226000','6a3573092befa652a38607c4');
INSERT INTO locations (id,org_id,name,is_active,pinned,created_date,updated_date,created_by_id) VALUES ('6a467a6e58aabb77e091d978','6a3581a8dded9338bfd3e921','Scotts Ridge Elementary School',1,0,'2026-07-02T14:49:18.226000','2026-07-02T14:49:18.226000','6a3573092befa652a38607c4');
INSERT INTO locations (id,org_id,name,is_active,pinned,created_date,updated_date,created_by_id) VALUES ('6a467a6e58aabb77e091d97b','6a3581a8dded9338bfd3e921','South Garner High School',1,0,'2026-07-02T14:49:18.226000','2026-07-02T14:49:18.226000','6a3573092befa652a38607c4');
INSERT INTO locations (id,org_id,name,is_active,pinned,created_date,updated_date,created_by_id) VALUES ('6a467a6e58aabb77e091d984','6a3581a8dded9338bfd3e921','Vandora Springs Elementary School',1,0,'2026-07-02T14:49:18.226000','2026-07-02T14:49:18.226000','6a3573092befa652a38607c4');
INSERT INTO locations (id,org_id,name,is_active,pinned,created_date,updated_date,created_by_id) VALUES ('6a467a6e58aabb77e091d98d','6a3581a8dded9338bfd3e921','Wake Forest High School',1,0,'2026-07-02T14:49:18.226000','2026-07-02T14:49:18.226000','6a3573092befa652a38607c4');
INSERT INTO locations (id,org_id,name,is_active,pinned,created_date,updated_date,created_by_id) VALUES ('6a467a6e58aabb77e091d990','6a3581a8dded9338bfd3e921','Wakefield Middle School',1,0,'2026-07-02T14:49:18.226000','2026-07-02T14:49:18.226000','6a3573092befa652a38607c4');
INSERT INTO locations (id,org_id,name,is_active,pinned,created_date,updated_date,created_by_id) VALUES ('6a467a6e58aabb77e091d99d','6a3581a8dded9338bfd3e921','White Oak Elementary School',1,0,'2026-07-02T14:49:18.226000','2026-07-02T14:49:18.226000','6a3573092befa652a38607c4');
INSERT INTO locations (id,org_id,name,is_active,pinned,created_date,updated_date,created_by_id) VALUES ('6a467a6e58aabb77e091d9a7','6a3581a8dded9338bfd3e921','Zebulon Middle School',1,0,'2026-07-02T14:49:18.226000','2026-07-02T14:49:18.226000','6a3573092befa652a38607c4');
INSERT INTO locations (id,org_id,name,is_active,pinned,created_date,updated_date,created_by_id) VALUES ('6a467a6e58aabb77e091d94d','6a3581a8dded9338bfd3e921','Mills Park Middle School',1,0,'2026-07-02T14:49:18.226000','2026-07-02T14:49:18.226000','6a3573092befa652a38607c4');
INSERT INTO locations (id,org_id,name,is_active,pinned,created_date,updated_date,created_by_id) VALUES ('6a467a6e58aabb77e091d956','6a3581a8dded9338bfd3e921','Oakview Elementary School',1,0,'2026-07-02T14:49:18.226000','2026-07-02T14:49:18.226000','6a3573092befa652a38607c4');
INSERT INTO locations (id,org_id,name,is_active,pinned,created_date,updated_date,created_by_id) VALUES ('6a467a6e58aabb77e091d964','6a3581a8dded9338bfd3e921','Pleasant Plains Elementary School',1,0,'2026-07-02T14:49:18.226000','2026-07-02T14:49:18.226000','6a3573092befa652a38607c4');
INSERT INTO locations (id,org_id,name,is_active,pinned,created_date,updated_date,created_by_id) VALUES ('6a467a6e58aabb77e091d992','6a3581a8dded9338bfd3e921','Washington Elementary School',1,0,'2026-07-02T14:49:18.226000','2026-07-02T14:49:18.226000','6a3573092befa652a38607c4');
INSERT INTO locations (id,org_id,name,is_active,pinned,created_date,updated_date,created_by_id) VALUES ('6a467a6e58aabb77e091d94e','6a3581a8dded9338bfd3e921','Morrisville Elementary School',1,0,'2026-07-02T14:49:18.226000','2026-07-02T14:49:18.226000','6a3573092befa652a38607c4');
INSERT INTO locations (id,org_id,name,is_active,pinned,created_date,updated_date,created_by_id) VALUES ('6a467a6e58aabb77e091d95c','6a3581a8dded9338bfd3e921','Parkside Elementary School',1,0,'2026-07-02T14:49:18.226000','2026-07-02T14:49:18.226000','6a3573092befa652a38607c4');
INSERT INTO locations (id,org_id,name,is_active,pinned,created_date,updated_date,created_by_id) VALUES ('6a467a6e58aabb77e091d962','6a3581a8dded9338bfd3e921','Pleasant Grove Elementary School',1,0,'2026-07-02T14:49:18.226000','2026-07-02T14:49:18.226000','6a3573092befa652a38607c4');
INSERT INTO locations (id,org_id,name,is_active,pinned,created_date,updated_date,created_by_id) VALUES ('6a467a6e58aabb77e091d963','6a3581a8dded9338bfd3e921','Powell Elementary School',1,0,'2026-07-02T14:49:18.226000','2026-07-02T14:49:18.226000','6a3573092befa652a38607c4');
INSERT INTO locations (id,org_id,name,is_active,pinned,created_date,updated_date,created_by_id) VALUES ('6a467a6e58aabb77e091d969','6a3581a8dded9338bfd3e921','Richland Creek Elementary School',1,0,'2026-07-02T14:49:18.226000','2026-07-02T14:49:18.226000','6a3573092befa652a38607c4');
INSERT INTO locations (id,org_id,name,is_active,pinned,created_date,updated_date,created_by_id) VALUES ('6a467a6e58aabb77e091d974','6a3581a8dded9338bfd3e921','SCORE Academy East at River Oaks',1,0,'2026-07-02T14:49:18.226000','2026-07-02T14:49:18.226000','6a3573092befa652a38607c4');
INSERT INTO locations (id,org_id,name,is_active,pinned,created_date,updated_date,created_by_id) VALUES ('6a467a6e58aabb77e091d975','6a3581a8dded9338bfd3e921','SCORE Academy in North Raleigh',1,0,'2026-07-02T14:49:18.226000','2026-07-02T14:49:18.226000','6a3573092befa652a38607c4');
INSERT INTO locations (id,org_id,name,is_active,pinned,created_date,updated_date,created_by_id) VALUES ('6a467a6e58aabb77e091d97e','6a3581a8dded9338bfd3e921','Stough Elementary School',1,0,'2026-07-02T14:49:18.226000','2026-07-02T14:49:18.226000','6a3573092befa652a38607c4');
INSERT INTO locations (id,org_id,name,is_active,pinned,created_date,updated_date,created_by_id) VALUES ('6a467a6e58aabb77e091d99e','6a3581a8dded9338bfd3e921','Wilburn Elementary School',1,0,'2026-07-02T14:49:18.226000','2026-07-02T14:49:18.226000','6a3573092befa652a38607c4');
INSERT INTO locations (id,org_id,name,is_active,pinned,created_date,updated_date,created_by_id) VALUES ('6a467a6e58aabb77e091d94f','6a3581a8dded9338bfd3e921','Moore Square Middle School',1,0,'2026-07-02T14:49:18.226000','2026-07-02T14:49:18.226000','6a3573092befa652a38607c4');
INSERT INTO locations (id,org_id,name,is_active,pinned,created_date,updated_date,created_by_id) VALUES ('6a467a6e58aabb77e091d960','6a3581a8dded9338bfd3e921','Pleasant Union Elementary School',1,0,'2026-07-02T14:49:18.226000','2026-07-02T14:49:18.226000','6a3573092befa652a38607c4');
INSERT INTO locations (id,org_id,name,is_active,pinned,created_date,updated_date,created_by_id) VALUES ('6a467a6e58aabb77e091d96a','6a3581a8dded9338bfd3e921','Rolesville Elementary School',1,0,'2026-07-02T14:49:18.226000','2026-07-02T14:49:18.226000','6a3573092befa652a38607c4');
INSERT INTO locations (id,org_id,name,is_active,pinned,created_date,updated_date,created_by_id) VALUES ('6a467a6e58aabb77e091d970','6a3581a8dded9338bfd3e921','Salem Elementary School',1,0,'2026-07-02T14:49:18.226000','2026-07-02T14:49:18.226000','6a3573092befa652a38607c4');
INSERT INTO locations (id,org_id,name,is_active,pinned,created_date,updated_date,created_by_id) VALUES ('6a467a6e58aabb77e091d98b','6a3581a8dded9338bfd3e921','Wake Early College of Information and Biotechnology (Parkside Campus)',1,0,'2026-07-02T14:49:18.226000','2026-07-02T14:49:18.226000','6a3573092befa652a38607c4');
INSERT INTO locations (id,org_id,name,is_active,pinned,created_date,updated_date,created_by_id) VALUES ('6a467a6e58aabb77e091d991','6a3581a8dded9338bfd3e921','Wakefield High School',1,0,'2026-07-02T14:49:18.226000','2026-07-02T14:49:18.226000','6a3573092befa652a38607c4');
INSERT INTO locations (id,org_id,name,is_active,pinned,created_date,updated_date,created_by_id) VALUES ('6a467a6e58aabb77e091d995','6a3581a8dded9338bfd3e921','Walnut Creek Elementary School',1,0,'2026-07-02T14:49:18.226000','2026-07-02T14:49:18.226000','6a3573092befa652a38607c4');
INSERT INTO locations (id,org_id,name,is_active,pinned,created_date,updated_date,created_by_id) VALUES ('6a467a6e58aabb77e091d996','6a3581a8dded9338bfd3e921','Wendell Elementary School',1,0,'2026-07-02T14:49:18.226000','2026-07-02T14:49:18.226000','6a3573092befa652a38607c4');
INSERT INTO locations (id,org_id,name,is_active,pinned,created_date,updated_date,created_by_id) VALUES ('6a467a6e58aabb77e091d94b','6a3581a8dded9338bfd3e921','Millbrook High School',1,0,'2026-07-02T14:49:18.226000','2026-07-02T14:49:18.226000','6a3573092befa652a38607c4');
INSERT INTO locations (id,org_id,name,is_active,pinned,created_date,updated_date,created_by_id) VALUES ('6a467a6e58aabb77e091d955','6a3581a8dded9338bfd3e921','Northwoods Elementary School',1,0,'2026-07-02T14:49:18.226000','2026-07-02T14:49:18.226000','6a3573092befa652a38607c4');
INSERT INTO locations (id,org_id,name,is_active,pinned,created_date,updated_date,created_by_id) VALUES ('6a467a6e58aabb77e091d961','6a3581a8dded9338bfd3e921','Poe Elementary School',1,0,'2026-07-02T14:49:18.226000','2026-07-02T14:49:18.226000','6a3573092befa652a38607c4');
INSERT INTO locations (id,org_id,name,is_active,pinned,created_date,updated_date,created_by_id) VALUES ('6a467a6e58aabb77e091d967','6a3581a8dded9338bfd3e921','Rex Road Elementary School',1,0,'2026-07-02T14:49:18.226000','2026-07-02T14:49:18.226000','6a3573092befa652a38607c4');
INSERT INTO locations (id,org_id,name,is_active,pinned,created_date,updated_date,created_by_id) VALUES ('6a467a6e58aabb77e091d96f','6a3581a8dded9338bfd3e921','River Bend Middle School',1,0,'2026-07-02T14:49:18.226000','2026-07-02T14:49:18.226000','6a3573092befa652a38607c4');
INSERT INTO locations (id,org_id,name,is_active,pinned,created_date,updated_date,created_by_id) VALUES ('6a467a6e58aabb77e091d977','6a3581a8dded9338bfd3e921','SCORE Academy West',1,0,'2026-07-02T14:49:18.226000','2026-07-02T14:49:18.226000','6a3573092befa652a38607c4');
INSERT INTO locations (id,org_id,name,is_active,pinned,created_date,updated_date,created_by_id) VALUES ('6a467a6e58aabb77e091d986','6a3581a8dded9338bfd3e921','Wake STEM Early College High School',1,0,'2026-07-02T14:49:18.226000','2026-07-02T14:49:18.226000','6a3573092befa652a38607c4');
INSERT INTO locations (id,org_id,name,is_active,pinned,created_date,updated_date,created_by_id) VALUES ('6a467a6e58aabb77e091d95f','6a3581a8dded9338bfd3e921','Penny Road Elementary School',1,0,'2026-07-02T14:49:18.226000','2026-07-02T14:49:18.226000','6a3573092befa652a38607c4');
INSERT INTO locations (id,org_id,name,is_active,pinned,created_date,updated_date,created_by_id) VALUES ('6a467a6e58aabb77e091d968','6a3581a8dded9338bfd3e921','Reedy Creek Elementary School',1,0,'2026-07-02T14:49:18.226000','2026-07-02T14:49:18.226000','6a3573092befa652a38607c4');
INSERT INTO locations (id,org_id,name,is_active,pinned,created_date,updated_date,created_by_id) VALUES ('6a467a6e58aabb77e091d97a','6a3581a8dded9338bfd3e921','Smith Elementary School',1,0,'2026-07-02T14:49:18.226000','2026-07-02T14:49:18.226000','6a3573092befa652a38607c4');
INSERT INTO locations (id,org_id,name,is_active,pinned,created_date,updated_date,created_by_id) VALUES ('6a467a6e58aabb77e091d97d','6a3581a8dded9338bfd3e921','Southeast Raleigh Elementary School',1,0,'2026-07-02T14:49:18.226000','2026-07-02T14:49:18.226000','6a3573092befa652a38607c4');
INSERT INTO locations (id,org_id,name,is_active,pinned,created_date,updated_date,created_by_id) VALUES ('6a467a6e58aabb77e091d985','6a3581a8dded9338bfd3e921','Vernon Malone College and Career Academy',1,0,'2026-07-02T14:49:18.226000','2026-07-02T14:49:18.226000','6a3573092befa652a38607c4');
INSERT INTO locations (id,org_id,name,is_active,pinned,created_date,updated_date,created_by_id) VALUES ('6a467a6e58aabb77e091d988','6a3581a8dded9338bfd3e921','Wake Forest Elementary School',1,0,'2026-07-02T14:49:18.226000','2026-07-02T14:49:18.226000','6a3573092befa652a38607c4');
INSERT INTO locations (id,org_id,name,is_active,pinned,created_date,updated_date,created_by_id) VALUES ('6a467a6e58aabb77e091d98a','6a3581a8dded9338bfd3e921','Wake Young Women''s Leadership Academy',1,0,'2026-07-02T14:49:18.226000','2026-07-02T14:49:18.226000','6a3573092befa652a38607c4');
INSERT INTO locations (id,org_id,name,is_active,pinned,created_date,updated_date,created_by_id) VALUES ('6a467a6e58aabb77e091d98c','6a3581a8dded9338bfd3e921','Wake Early College of Information and Biotechnology',1,0,'2026-07-02T14:49:18.226000','2026-07-02T14:49:18.226000','6a3573092befa652a38607c4');
INSERT INTO locations (id,org_id,name,is_active,pinned,created_date,updated_date,created_by_id) VALUES ('6a467a6e58aabb77e091d950','6a3581a8dded9338bfd3e921','Mount Vernon Middle School and Bridges Program',1,0,'2026-07-02T14:49:18.226000','2026-07-02T14:49:18.226000','6a3573092befa652a38607c4');
INSERT INTO locations (id,org_id,name,is_active,pinned,created_date,updated_date,created_by_id) VALUES ('6a467a6e58aabb77e091d959','6a3581a8dded9338bfd3e921','Olds Elementary School',1,0,'2026-07-02T14:49:18.226000','2026-07-02T14:49:18.226000','6a3573092befa652a38607c4');
INSERT INTO locations (id,org_id,name,is_active,pinned,created_date,updated_date,created_by_id) VALUES ('6a467a6e58aabb77e091d965','6a3581a8dded9338bfd3e921','Swift Creek Elementary School',1,0,'2026-07-02T14:49:18.226000','2026-07-02T14:49:18.226000','6a3573092befa652a38607c4');
INSERT INTO locations (id,org_id,name,is_active,pinned,created_date,updated_date,created_by_id) VALUES ('6a467a6e58aabb77e091d96e','6a3581a8dded9338bfd3e921','Root Elementary School',1,0,'2026-07-02T14:49:18.226000','2026-07-02T14:49:18.226000','6a3573092befa652a38607c4');
INSERT INTO locations (id,org_id,name,is_active,pinned,created_date,updated_date,created_by_id) VALUES ('6a467a6e58aabb77e091d989','6a3581a8dded9338bfd3e921','Wake Young Men''s Leadership Academy',1,0,'2026-07-02T14:49:18.226000','2026-07-02T14:49:18.226000','6a3573092befa652a38607c4');
INSERT INTO locations (id,org_id,name,is_active,pinned,created_date,updated_date,created_by_id) VALUES ('6a467a6e58aabb77e091d994','6a3581a8dded9338bfd3e921','Weatherstone Elementary School',1,0,'2026-07-02T14:49:18.226000','2026-07-02T14:49:18.226000','6a3573092befa652a38607c4');
INSERT INTO locations (id,org_id,name,is_active,pinned,created_date,updated_date,created_by_id) VALUES ('6a467a6e58aabb77e091d9a1','6a3581a8dded9338bfd3e921','Woods Creek Elementary School',1,0,'2026-07-02T14:49:18.226000','2026-07-02T14:49:18.226000','6a3573092befa652a38607c4');
INSERT INTO locations (id,org_id,name,is_active,pinned,created_date,updated_date,created_by_id) VALUES ('6a467a6e58aabb77e091d9a5','6a3581a8dded9338bfd3e921','York Elementary School',1,0,'2026-07-02T14:49:18.226000','2026-07-02T14:49:18.226000','6a3573092befa652a38607c4');
INSERT INTO locations (id,org_id,name,is_active,pinned,created_date,updated_date,created_by_id) VALUES ('6a467a6e58aabb77e091d95b','6a3581a8dded9338bfd3e921','Panther Creek High School',1,0,'2026-07-02T14:49:18.226000','2026-07-02T14:49:18.226000','6a3573092befa652a38607c4');
INSERT INTO locations (id,org_id,name,is_active,pinned,created_date,updated_date,created_by_id) VALUES ('6a467a6e58aabb77e091d96d','6a3581a8dded9338bfd3e921','Rogers Lane Elementary School',1,0,'2026-07-02T14:49:18.226000','2026-07-02T14:49:18.226000','6a3573092befa652a38607c4');
INSERT INTO locations (id,org_id,name,is_active,pinned,created_date,updated_date,created_by_id) VALUES ('6a467a6e58aabb77e091d979','6a3581a8dded9338bfd3e921','South Lakes Elementary School',1,0,'2026-07-02T14:49:18.226000','2026-07-02T14:49:18.226000','6a3573092befa652a38607c4');
INSERT INTO locations (id,org_id,name,is_active,pinned,created_date,updated_date,created_by_id) VALUES ('6a467a6e58aabb77e091d98e','6a3581a8dded9338bfd3e921','Wake Forest Middle School',1,0,'2026-07-02T14:49:18.226000','2026-07-02T14:49:18.226000','6a3573092befa652a38607c4');
INSERT INTO locations (id,org_id,name,is_active,pinned,created_date,updated_date,created_by_id) VALUES ('6a467a6e58aabb77e091d9a4','6a3581a8dded9338bfd3e921','Yates Mill Elementary School',1,0,'2026-07-02T14:49:18.226000','2026-07-02T14:49:18.226000','6a3573092befa652a38607c4');
INSERT INTO locations (id,org_id,name,is_active,pinned,created_date,updated_date,created_by_id) VALUES ('6a467a6e58aabb77e091d9a6','6a3581a8dded9338bfd3e921','Zebulon Elementary School',1,0,'2026-07-02T14:49:18.226000','2026-07-02T14:49:18.226000','6a3573092befa652a38607c4');
INSERT INTO locations (id,org_id,name,is_active,pinned,created_date,updated_date,created_by_id) VALUES ('6a467a6e58aabb77e091d954','6a3581a8dded9338bfd3e921','North Wake College And Career Academy',1,0,'2026-07-02T14:49:18.226000','2026-07-02T14:49:18.226000','6a3573092befa652a38607c4');
INSERT INTO locations (id,org_id,name,is_active,pinned,created_date,updated_date,created_by_id) VALUES ('6a467a6e58aabb77e091d96b','6a3581a8dded9338bfd3e921','Rolesville Middle School',1,0,'2026-07-02T14:49:18.226000','2026-07-02T14:49:18.226000','6a3573092befa652a38607c4');
INSERT INTO locations (id,org_id,name,is_active,pinned,created_date,updated_date,created_by_id) VALUES ('6a467a6e58aabb77e091d999','6a3581a8dded9338bfd3e921','West Cary Middle School',1,0,'2026-07-02T14:49:18.226000','2026-07-02T14:49:18.226000','6a3573092befa652a38607c4');
INSERT INTO locations (id,org_id,name,is_active,pinned,created_date,updated_date,created_by_id) VALUES ('6a467a6e58aabb77e091d99f','6a3581a8dded9338bfd3e921','Wildwood Forest Elementary School',1,0,'2026-07-02T14:49:18.226000','2026-07-02T14:49:18.226000','6a3573092befa652a38607c4');
INSERT INTO locations (id,org_id,name,is_active,pinned,created_date,updated_date,created_by_id) VALUES ('6a467a6e58aabb77e091d9a8','6a3581a8dded9338bfd3e921','Project Enlightenment',1,0,'2026-07-02T14:49:18.226000','2026-07-02T14:49:18.226000','6a3573092befa652a38607c4');
INSERT INTO locations (id,org_id,name,is_active,pinned,created_date,updated_date,created_by_id) VALUES ('6a467a6e58aabb77e091d951','6a3581a8dded9338bfd3e921','North Garner Middle School',1,0,'2026-07-02T14:49:18.226000','2026-07-02T14:49:18.226000','6a3573092befa652a38607c4');
INSERT INTO locations (id,org_id,name,is_active,pinned,created_date,updated_date,created_by_id) VALUES ('6a467a6e58aabb77e091d980','6a3581a8dded9338bfd3e921','Timber Drive Elementary School',1,0,'2026-07-02T14:49:18.226000','2026-07-02T14:49:18.226000','6a3573092befa652a38607c4');
INSERT INTO locations (id,org_id,name,is_active,pinned,created_date,updated_date,created_by_id) VALUES ('6a467a6e58aabb77e091d99c','6a3581a8dded9338bfd3e921','West Millbrook Middle School',1,0,'2026-07-02T14:49:18.226000','2026-07-02T14:49:18.226000','6a3573092befa652a38607c4');
INSERT INTO locations (id,org_id,name,is_active,pinned,created_date,updated_date,created_by_id) VALUES ('6a467a6e58aabb77e091d9a2','6a3581a8dded9338bfd3e921','Willow Springs Elementary School',1,0,'2026-07-02T14:49:18.226000','2026-07-02T14:49:18.226000','6a3573092befa652a38607c4');
INSERT INTO locations (id,org_id,name,is_active,pinned,created_date,updated_date,created_by_id) VALUES ('6a467a6e58aabb77e091d957','6a3581a8dded9338bfd3e921','Oak Grove Elementary School',1,0,'2026-07-02T14:49:18.226000','2026-07-02T14:49:18.226000','6a3573092befa652a38607c4');
INSERT INTO locations (id,org_id,name,is_active,pinned,created_date,updated_date,created_by_id) VALUES ('6a467a6e58aabb77e091d983','6a3581a8dded9338bfd3e921','Vance Elementary School',1,0,'2026-07-02T14:49:18.226000','2026-07-02T14:49:18.226000','6a3573092befa652a38607c4');
INSERT INTO locations (id,org_id,name,is_active,pinned,created_date,updated_date,created_by_id) VALUES ('6a467a6e58aabb77e091d99a','6a3581a8dded9338bfd3e921','West Lake Elementary School',1,0,'2026-07-02T14:49:18.226000','2026-07-02T14:49:18.226000','6a3573092befa652a38607c4');
INSERT INTO locations (id,org_id,name,is_active,pinned,created_date,updated_date,created_by_id) VALUES ('6a467a6e58aabb77e091d99b','6a3581a8dded9338bfd3e921','West Lake Middle School',1,0,'2026-07-02T14:49:18.226000','2026-07-02T14:49:18.226000','6a3573092befa652a38607c4');
INSERT INTO locations (id,org_id,name,is_active,pinned,created_date,updated_date,created_by_id) VALUES ('6a467a6e58aabb77e091d9a3','6a3581a8dded9338bfd3e921','Willow Spring High School',1,0,'2026-07-02T14:49:18.226000','2026-07-02T14:49:18.226000','6a3573092befa652a38607c4');
INSERT INTO locations (id,org_id,name,is_active,pinned,created_date,updated_date,created_by_id) VALUES ('6a467a6e58aabb77e091d948','6a3581a8dded9338bfd3e921','Middle Creek Elementary School',1,0,'2026-07-02T14:49:18.226000','2026-07-02T14:49:18.226000','6a3573092befa652a38607c4');
INSERT INTO locations (id,org_id,name,is_active,pinned,created_date,updated_date,created_by_id) VALUES ('6a467a6e58aabb77e091d953','6a3581a8dded9338bfd3e921','North Ridge Elementary School',1,0,'2026-07-02T14:49:18.226000','2026-07-02T14:49:18.226000','6a3573092befa652a38607c4');
INSERT INTO locations (id,org_id,name,is_active,pinned,created_date,updated_date,created_by_id) VALUES ('6a467a6e58aabb77e091d987','6a3581a8dded9338bfd3e921','Wake Early College of Health and Science',1,0,'2026-07-02T14:49:18.226000','2026-07-02T14:49:18.226000','6a3573092befa652a38607c4');
INSERT INTO locations (id,org_id,name,is_active,pinned,created_date,updated_date,created_by_id) VALUES ('6a467a6e58aabb77e091d901','6a3581a8dded9338bfd3e921','Connections Academy',1,0,'2026-07-02T14:49:18.225000','2026-07-02T14:49:18.225000','6a3573092befa652a38607c4');
INSERT INTO locations (id,org_id,name,is_active,pinned,created_date,updated_date,created_by_id) VALUES ('6a467a6e58aabb77e091d90d','6a3581a8dded9338bfd3e921','Reedy Creek Middle School',1,0,'2026-07-02T14:49:18.225000','2026-07-02T14:49:18.225000','6a3573092befa652a38607c4');
INSERT INTO locations (id,org_id,name,is_active,pinned,created_date,updated_date,created_by_id) VALUES ('6a467a6e58aabb77e091d926','6a3581a8dded9338bfd3e921','Hilburn Drive Academy',1,0,'2026-07-02T14:49:18.225000','2026-07-02T14:49:18.225000','6a3573092befa652a38607c4');
INSERT INTO locations (id,org_id,name,is_active,pinned,created_date,updated_date,created_by_id) VALUES ('6a467a6e58aabb77e091d92b','6a3581a8dded9338bfd3e921','Holly Springs Elementary School',1,0,'2026-07-02T14:49:18.225000','2026-07-02T14:49:18.225000','6a3573092befa652a38607c4');
INSERT INTO locations (id,org_id,name,is_active,pinned,created_date,updated_date,created_by_id) VALUES ('6a467a6e58aabb77e091d92d','6a3581a8dded9338bfd3e921','Holly Ridge Elementary School',1,0,'2026-07-02T14:49:18.225000','2026-07-02T14:49:18.225000','6a3573092befa652a38607c4');
INSERT INTO locations (id,org_id,name,is_active,pinned,created_date,updated_date,created_by_id) VALUES ('6a467a6e58aabb77e091d938','6a3581a8dded9338bfd3e921','Kingswood Elementary School',1,0,'2026-07-02T14:49:18.225000','2026-07-02T14:49:18.225000','6a3573092befa652a38607c4');
INSERT INTO locations (id,org_id,name,is_active,pinned,created_date,updated_date,created_by_id) VALUES ('6a467a6e58aabb77e091d93c','6a3581a8dded9338bfd3e921','Lacy Elementary School',1,0,'2026-07-02T14:49:18.225000','2026-07-02T14:49:18.225000','6a3573092befa652a38607c4');
INSERT INTO locations (id,org_id,name,is_active,pinned,created_date,updated_date,created_by_id) VALUES ('6a467a6e58aabb77e091d911','6a3581a8dded9338bfd3e921','East Millbrook Middle School',1,0,'2026-07-02T14:49:18.225000','2026-07-02T14:49:18.225000','6a3573092befa652a38607c4');
INSERT INTO locations (id,org_id,name,is_active,pinned,created_date,updated_date,created_by_id) VALUES ('6a467a6e58aabb77e091d932','6a3581a8dded9338bfd3e921','Heritage Elementary School',1,0,'2026-07-02T14:49:18.225000','2026-07-02T14:49:18.225000','6a3573092befa652a38607c4');
INSERT INTO locations (id,org_id,name,is_active,pinned,created_date,updated_date,created_by_id) VALUES ('6a467a6e58aabb77e091d942','6a3581a8dded9338bfd3e921','Lake Myra Elementary School',1,0,'2026-07-02T14:49:18.225000','2026-07-02T14:49:18.225000','6a3573092befa652a38607c4');
INSERT INTO locations (id,org_id,name,is_active,pinned,created_date,updated_date,created_by_id) VALUES ('6a467a6e58aabb77e091d91a','6a3581a8dded9338bfd3e921','Felton Grove High School',1,0,'2026-07-02T14:49:18.225000','2026-07-02T14:49:18.225000','6a3573092befa652a38607c4');
INSERT INTO locations (id,org_id,name,is_active,pinned,created_date,updated_date,created_by_id) VALUES ('6a467a6e58aabb77e091d929','6a3581a8dded9338bfd3e921','Heritage High School',1,0,'2026-07-02T14:49:18.225000','2026-07-02T14:49:18.225000','6a3573092befa652a38607c4');
INSERT INTO locations (id,org_id,name,is_active,pinned,created_date,updated_date,created_by_id) VALUES ('6a467a6e58aabb77e091d937','6a3581a8dded9338bfd3e921','Hortons Creek Elementary School',1,0,'2026-07-02T14:49:18.225000','2026-07-02T14:49:18.225000','6a3573092befa652a38607c4');
INSERT INTO locations (id,org_id,name,is_active,pinned,created_date,updated_date,created_by_id) VALUES ('6a467a6e58aabb77e091d8fd','6a3581a8dded9338bfd3e921','Cedar Fork Elementary School',1,0,'2026-07-02T14:49:18.225000','2026-07-02T14:49:18.225000','6a3573092befa652a38607c4');
INSERT INTO locations (id,org_id,name,is_active,pinned,created_date,updated_date,created_by_id) VALUES ('6a467a6e58aabb77e091d906','6a3581a8dded9338bfd3e921','Davis Drive Elementary School',1,0,'2026-07-02T14:49:18.225000','2026-07-02T14:49:18.225000','6a3573092befa652a38607c4');
INSERT INTO locations (id,org_id,name,is_active,pinned,created_date,updated_date,created_by_id) VALUES ('6a467a6e58aabb77e091d91d','6a3581a8dded9338bfd3e921','Fuquay-Varina High School',1,0,'2026-07-02T14:49:18.225000','2026-07-02T14:49:18.225000','6a3573092befa652a38607c4');
INSERT INTO locations (id,org_id,name,is_active,pinned,created_date,updated_date,created_by_id) VALUES ('6a467a6e58aabb77e091d92c','6a3581a8dded9338bfd3e921','Hunter Elementary School',1,0,'2026-07-02T14:49:18.225000','2026-07-02T14:49:18.225000','6a3573092befa652a38607c4');
INSERT INTO locations (id,org_id,name,is_active,pinned,created_date,updated_date,created_by_id) VALUES ('6a467a6e58aabb77e091d941','6a3581a8dded9338bfd3e921','Leesville Road High School',1,0,'2026-07-02T14:49:18.225000','2026-07-02T14:49:18.225000','6a3573092befa652a38607c4');
INSERT INTO locations (id,org_id,name,is_active,pinned,created_date,updated_date,created_by_id) VALUES ('6a467a6e58aabb77e091d90e','6a3581a8dded9338bfd3e921','East Cary Middle School',1,0,'2026-07-02T14:49:18.225000','2026-07-02T14:49:18.225000','6a3573092befa652a38607c4');
INSERT INTO locations (id,org_id,name,is_active,pinned,created_date,updated_date,created_by_id) VALUES ('6a467a6e58aabb77e091d910','6a3581a8dded9338bfd3e921','East Garner Middle School',1,0,'2026-07-02T14:49:18.225000','2026-07-02T14:49:18.225000','6a3573092befa652a38607c4');
INSERT INTO locations (id,org_id,name,is_active,pinned,created_date,updated_date,created_by_id) VALUES ('6a467a6e58aabb77e091d919','6a3581a8dded9338bfd3e921','Forest Pines Drive Elementary School',1,0,'2026-07-02T14:49:18.225000','2026-07-02T14:49:18.225000','6a3573092befa652a38607c4');
INSERT INTO locations (id,org_id,name,is_active,pinned,created_date,updated_date,created_by_id) VALUES ('6a467a6e58aabb77e091d91f','6a3581a8dded9338bfd3e921','Herbert Akins Road Middle School',1,0,'2026-07-02T14:49:18.225000','2026-07-02T14:49:18.225000','6a3573092befa652a38607c4');
INSERT INTO locations (id,org_id,name,is_active,pinned,created_date,updated_date,created_by_id) VALUES ('6a467a6e58aabb77e091d930','6a3581a8dded9338bfd3e921','Jeffreys Grove Elementary School',1,0,'2026-07-02T14:49:18.225000','2026-07-02T14:49:18.225000','6a3573092befa652a38607c4');
INSERT INTO locations (id,org_id,name,is_active,pinned,created_date,updated_date,created_by_id) VALUES ('6a467a6e58aabb77e091d93f','6a3581a8dded9338bfd3e921','Leesville Road Middle School',1,0,'2026-07-02T14:49:18.225000','2026-07-02T14:49:18.225000','6a3573092befa652a38607c4');
INSERT INTO locations (id,org_id,name,is_active,pinned,created_date,updated_date,created_by_id) VALUES ('6a467a6e58aabb77e091d8fb','6a3581a8dded9338bfd3e921','Cary Elementary School',1,0,'2026-07-02T14:49:18.225000','2026-07-02T14:49:18.225000','6a3573092befa652a38607c4');
INSERT INTO locations (id,org_id,name,is_active,pinned,created_date,updated_date,created_by_id) VALUES ('6a467a6e58aabb77e091d904','6a3581a8dded9338bfd3e921','Crossroads FLEX High School',1,0,'2026-07-02T14:49:18.225000','2026-07-02T14:49:18.225000','6a3573092befa652a38607c4');
INSERT INTO locations (id,org_id,name,is_active,pinned,created_date,updated_date,created_by_id) VALUES ('6a467a6e58aabb77e091d909','6a3581a8dded9338bfd3e921','Dillard Drive Middle School',1,0,'2026-07-02T14:49:18.225000','2026-07-02T14:49:18.225000','6a3573092befa652a38607c4');
INSERT INTO locations (id,org_id,name,is_active,pinned,created_date,updated_date,created_by_id) VALUES ('6a467a6e58aabb77e091d934','6a3581a8dded9338bfd3e921','Joyner Elementary School',1,0,'2026-07-02T14:49:18.225000','2026-07-02T14:49:18.225000','6a3573092befa652a38607c4');
INSERT INTO locations (id,org_id,name,is_active,pinned,created_date,updated_date,created_by_id) VALUES ('6a467a6e58aabb77e091d90a','6a3581a8dded9338bfd3e921','Douglas Elementary School',1,0,'2026-07-02T14:49:18.225000','2026-07-02T14:49:18.225000','6a3573092befa652a38607c4');
INSERT INTO locations (id,org_id,name,is_active,pinned,created_date,updated_date,created_by_id) VALUES ('6a467a6e58aabb77e091d90b','6a3581a8dded9338bfd3e921','Durant Road Elementary School',1,0,'2026-07-02T14:49:18.225000','2026-07-02T14:49:18.225000','6a3573092befa652a38607c4');
INSERT INTO locations (id,org_id,name,is_active,pinned,created_date,updated_date,created_by_id) VALUES ('6a467a6e58aabb77e091d936','6a3581a8dded9338bfd3e921','Holly Grove Middle School',1,0,'2026-07-02T14:49:18.225000','2026-07-02T14:49:18.225000','6a3573092befa652a38607c4');
INSERT INTO locations (id,org_id,name,is_active,pinned,created_date,updated_date,created_by_id) VALUES ('6a467a6e58aabb77e091d947','6a3581a8dded9338bfd3e921','Martin Middle School',1,0,'2026-07-02T14:49:18.225000','2026-07-02T14:49:18.225000','6a3573092befa652a38607c4');
INSERT INTO locations (id,org_id,name,is_active,pinned,created_date,updated_date,created_by_id) VALUES ('6a467a6e58aabb77e091d90c','6a3581a8dded9338bfd3e921','Durant Road Middle School',1,0,'2026-07-02T14:49:18.225000','2026-07-02T14:49:18.225000','6a3573092befa652a38607c4');
INSERT INTO locations (id,org_id,name,is_active,pinned,created_date,updated_date,created_by_id) VALUES ('6a467a6e58aabb77e091d923','6a3581a8dded9338bfd3e921','Green Hope Elementary School',1,0,'2026-07-02T14:49:18.225000','2026-07-02T14:49:18.225000','6a3573092befa652a38607c4');
INSERT INTO locations (id,org_id,name,is_active,pinned,created_date,updated_date,created_by_id) VALUES ('6a467a6e58aabb77e091d931','6a3581a8dded9338bfd3e921','Jones Dairy Elementary School',1,0,'2026-07-02T14:49:18.225000','2026-07-02T14:49:18.225000','6a3573092befa652a38607c4');
INSERT INTO locations (id,org_id,name,is_active,pinned,created_date,updated_date,created_by_id) VALUES ('6a467a6e58aabb77e091d8fe','6a3581a8dded9338bfd3e921','Centennial Middle School',1,0,'2026-07-02T14:49:18.225000','2026-07-02T14:49:18.225000','6a3573092befa652a38607c4');
INSERT INTO locations (id,org_id,name,is_active,pinned,created_date,updated_date,created_by_id) VALUES ('6a467a6e58aabb77e091d91e','6a3581a8dded9338bfd3e921','Hilltop Needmore Road Elementary School',1,0,'2026-07-02T14:49:18.225000','2026-07-02T14:49:18.225000','6a3573092befa652a38607c4');
INSERT INTO locations (id,org_id,name,is_active,pinned,created_date,updated_date,created_by_id) VALUES ('6a467a6e58aabb77e091d920','6a3581a8dded9338bfd3e921','Garner High School',1,0,'2026-07-02T14:49:18.225000','2026-07-02T14:49:18.225000','6a3573092befa652a38607c4');
INSERT INTO locations (id,org_id,name,is_active,pinned,created_date,updated_date,created_by_id) VALUES ('6a467a6e58aabb77e091d924','6a3581a8dded9338bfd3e921','Green Elementary School',1,0,'2026-07-02T14:49:18.225000','2026-07-02T14:49:18.225000','6a3573092befa652a38607c4');
INSERT INTO locations (id,org_id,name,is_active,pinned,created_date,updated_date,created_by_id) VALUES ('6a467a6e58aabb77e091d933','6a3581a8dded9338bfd3e921','Holly Springs High School',1,0,'2026-07-02T14:49:18.225000','2026-07-02T14:49:18.225000','6a3573092befa652a38607c4');
INSERT INTO locations (id,org_id,name,is_active,pinned,created_date,updated_date,created_by_id) VALUES ('6a467a6e58aabb77e091d93b','6a3581a8dded9338bfd3e921','Laurel Park Elementary School',1,0,'2026-07-02T14:49:18.225000','2026-07-02T14:49:18.225000','6a3573092befa652a38607c4');
INSERT INTO locations (id,org_id,name,is_active,pinned,created_date,updated_date,created_by_id) VALUES ('6a467a6e58aabb77e091d946','6a3581a8dded9338bfd3e921','Lynn Road Elementary School',1,0,'2026-07-02T14:49:18.225000','2026-07-02T14:49:18.225000','6a3573092befa652a38607c4');
INSERT INTO locations (id,org_id,name,is_active,pinned,created_date,updated_date,created_by_id) VALUES ('6a467a6e58aabb77e091d907','6a3581a8dded9338bfd3e921','Davis Drive Middle School',1,0,'2026-07-02T14:49:18.225000','2026-07-02T14:49:18.225000','6a3573092befa652a38607c4');
INSERT INTO locations (id,org_id,name,is_active,pinned,created_date,updated_date,created_by_id) VALUES ('6a467a6e58aabb77e091d915','6a3581a8dded9338bfd3e921','Forestville Road Elementary School',1,0,'2026-07-02T14:49:18.225000','2026-07-02T14:49:18.225000','6a3573092befa652a38607c4');
INSERT INTO locations (id,org_id,name,is_active,pinned,created_date,updated_date,created_by_id) VALUES ('6a467a6e58aabb77e091d927','6a3581a8dded9338bfd3e921','Highcroft Drive Elementary School',1,0,'2026-07-02T14:49:18.225000','2026-07-02T14:49:18.225000','6a3573092befa652a38607c4');
INSERT INTO locations (id,org_id,name,is_active,pinned,created_date,updated_date,created_by_id) VALUES ('6a467a6e58aabb77e091d92f','6a3581a8dded9338bfd3e921','Harris Creek Elementary School',1,0,'2026-07-02T14:49:18.225000','2026-07-02T14:49:18.225000','6a3573092befa652a38607c4');
INSERT INTO locations (id,org_id,name,is_active,pinned,created_date,updated_date,created_by_id) VALUES ('6a467a6e58aabb77e091d945','6a3581a8dded9338bfd3e921','Lufkin Road Middle School',1,0,'2026-07-02T14:49:18.225000','2026-07-02T14:49:18.225000','6a3573092befa652a38607c4');
INSERT INTO locations (id,org_id,name,is_active,pinned,created_date,updated_date,created_by_id) VALUES ('6a467a6e58aabb77e091d900','6a3581a8dded9338bfd3e921','Conn Elementary School',1,0,'2026-07-02T14:49:18.225000','2026-07-02T14:49:18.225000','6a3573092befa652a38607c4');
INSERT INTO locations (id,org_id,name,is_active,pinned,created_date,updated_date,created_by_id) VALUES ('6a467a6e58aabb77e091d903','6a3581a8dded9338bfd3e921','Creech Road Elementary School',1,0,'2026-07-02T14:49:18.225000','2026-07-02T14:49:18.225000','6a3573092befa652a38607c4');
INSERT INTO locations (id,org_id,name,is_active,pinned,created_date,updated_date,created_by_id) VALUES ('6a467a6e58aabb77e091d905','6a3581a8dded9338bfd3e921','Oberlin Middle School',1,0,'2026-07-02T14:49:18.225000','2026-07-02T14:49:18.225000','6a3573092befa652a38607c4');
INSERT INTO locations (id,org_id,name,is_active,pinned,created_date,updated_date,created_by_id) VALUES ('6a467a6e58aabb77e091d914','6a3581a8dded9338bfd3e921','Enloe High School',1,0,'2026-07-02T14:49:18.225000','2026-07-02T14:49:18.225000','6a3573092befa652a38607c4');
INSERT INTO locations (id,org_id,name,is_active,pinned,created_date,updated_date,created_by_id) VALUES ('6a467a6e58aabb77e091d917','6a3581a8dded9338bfd3e921','Fox Road Elementary School',1,0,'2026-07-02T14:49:18.225000','2026-07-02T14:49:18.225000','6a3573092befa652a38607c4');
INSERT INTO locations (id,org_id,name,is_active,pinned,created_date,updated_date,created_by_id) VALUES ('6a467a6e58aabb77e091d93e','6a3581a8dded9338bfd3e921','Lead Mine Elementary School',1,0,'2026-07-02T14:49:18.225000','2026-07-02T14:49:18.225000','6a3573092befa652a38607c4');
INSERT INTO locations (id,org_id,name,is_active,pinned,created_date,updated_date,created_by_id) VALUES ('6a467a6e58aabb77e091d944','6a3581a8dded9338bfd3e921','Lockhart Elementary School',1,0,'2026-07-02T14:49:18.225000','2026-07-02T14:49:18.225000','6a3573092befa652a38607c4');
INSERT INTO locations (id,org_id,name,is_active,pinned,created_date,updated_date,created_by_id) VALUES ('6a467a6e58aabb77e091d8fc','6a3581a8dded9338bfd3e921','Cary High School',1,0,'2026-07-02T14:49:18.225000','2026-07-02T14:49:18.225000','6a3573092befa652a38607c4');
INSERT INTO locations (id,org_id,name,is_active,pinned,created_date,updated_date,created_by_id) VALUES ('6a467a6e58aabb77e091d921','6a3581a8dded9338bfd3e921','Green Level High School',1,0,'2026-07-02T14:49:18.225000','2026-07-02T14:49:18.225000','6a3573092befa652a38607c4');
INSERT INTO locations (id,org_id,name,is_active,pinned,created_date,updated_date,created_by_id) VALUES ('6a467a6e58aabb77e091d922','6a3581a8dded9338bfd3e921','River Oaks Middle School',1,0,'2026-07-02T14:49:18.225000','2026-07-02T14:49:18.225000','6a3573092befa652a38607c4');
INSERT INTO locations (id,org_id,name,is_active,pinned,created_date,updated_date,created_by_id) VALUES ('6a467a6e58aabb77e091d935','6a3581a8dded9338bfd3e921','Holly Grove Elementary School',1,0,'2026-07-02T14:49:18.225000','2026-07-02T14:49:18.225000','6a3573092befa652a38607c4');
INSERT INTO locations (id,org_id,name,is_active,pinned,created_date,updated_date,created_by_id) VALUES ('6a467a6e58aabb77e091d916','6a3581a8dded9338bfd3e921','Farmington Woods Elementary School',1,0,'2026-07-02T14:49:18.225000','2026-07-02T14:49:18.225000','6a3573092befa652a38607c4');
INSERT INTO locations (id,org_id,name,is_active,pinned,created_date,updated_date,created_by_id) VALUES ('6a467a6e58aabb77e091d91c','6a3581a8dded9338bfd3e921','Fuquay-Varina Middle School',1,0,'2026-07-02T14:49:18.225000','2026-07-02T14:49:18.225000','6a3573092befa652a38607c4');
INSERT INTO locations (id,org_id,name,is_active,pinned,created_date,updated_date,created_by_id) VALUES ('6a467a6e58aabb77e091d925','6a3581a8dded9338bfd3e921','Green Hope High School',1,0,'2026-07-02T14:49:18.225000','2026-07-02T14:49:18.225000','6a3573092befa652a38607c4');
INSERT INTO locations (id,org_id,name,is_active,pinned,created_date,updated_date,created_by_id) VALUES ('6a467a6e58aabb77e091d928','6a3581a8dded9338bfd3e921','Heritage Middle School',1,0,'2026-07-02T14:49:18.225000','2026-07-02T14:49:18.225000','6a3573092befa652a38607c4');
INSERT INTO locations (id,org_id,name,is_active,pinned,created_date,updated_date,created_by_id) VALUES ('6a467a6e58aabb77e091d92a','6a3581a8dded9338bfd3e921','Hodge Road Elementary School',1,0,'2026-07-02T14:49:18.225000','2026-07-02T14:49:18.225000','6a3573092befa652a38607c4');
INSERT INTO locations (id,org_id,name,is_active,pinned,created_date,updated_date,created_by_id) VALUES ('6a467a6e58aabb77e091d939','6a3581a8dded9338bfd3e921','Knightdale Elementary School',1,0,'2026-07-02T14:49:18.225000','2026-07-02T14:49:18.225000','6a3573092befa652a38607c4');
INSERT INTO locations (id,org_id,name,is_active,pinned,created_date,updated_date,created_by_id) VALUES ('6a467a6e58aabb77e091d940','6a3581a8dded9338bfd3e921','Ligon Middle School',1,0,'2026-07-02T14:49:18.225000','2026-07-02T14:49:18.225000','6a3573092befa652a38607c4');
INSERT INTO locations (id,org_id,name,is_active,pinned,created_date,updated_date,created_by_id) VALUES ('6a467a6e58aabb77e091d943','6a3581a8dded9338bfd3e921','Lincoln Heights Elementary School',1,0,'2026-07-02T14:49:18.225000','2026-07-02T14:49:18.225000','6a3573092befa652a38607c4');
INSERT INTO locations (id,org_id,name,is_active,pinned,created_date,updated_date,created_by_id) VALUES ('6a467a6e58aabb77e091d8ff','6a3581a8dded9338bfd3e921','Combs Elementary School',1,0,'2026-07-02T14:49:18.225000','2026-07-02T14:49:18.225000','6a3573092befa652a38607c4');
INSERT INTO locations (id,org_id,name,is_active,pinned,created_date,updated_date,created_by_id) VALUES ('6a467a6e58aabb77e091d90f','6a3581a8dded9338bfd3e921','East Garner Elementary School',1,0,'2026-07-02T14:49:18.225000','2026-07-02T14:49:18.225000','6a3573092befa652a38607c4');
INSERT INTO locations (id,org_id,name,is_active,pinned,created_date,updated_date,created_by_id) VALUES ('6a467a6e58aabb77e091d918','6a3581a8dded9338bfd3e921','Fuller Elementary School',1,0,'2026-07-02T14:49:18.225000','2026-07-02T14:49:18.225000','6a3573092befa652a38607c4');
INSERT INTO locations (id,org_id,name,is_active,pinned,created_date,updated_date,created_by_id) VALUES ('6a467a6e58aabb77e091d91b','6a3581a8dded9338bfd3e921','Fuquay-Varina Elementary School',1,0,'2026-07-02T14:49:18.225000','2026-07-02T14:49:18.225000','6a3573092befa652a38607c4');
INSERT INTO locations (id,org_id,name,is_active,pinned,created_date,updated_date,created_by_id) VALUES ('6a467a6e58aabb77e091d902','6a3581a8dded9338bfd3e921','Parkside Middle School Site',1,0,'2026-07-02T14:49:18.225000','2026-07-02T14:49:18.225000','6a3573092befa652a38607c4');
INSERT INTO locations (id,org_id,name,is_active,pinned,created_date,updated_date,created_by_id) VALUES ('6a467a6e58aabb77e091d908','6a3581a8dded9338bfd3e921','Dillard Drive Elementary School',1,0,'2026-07-02T14:49:18.225000','2026-07-02T14:49:18.225000','6a3573092befa652a38607c4');
INSERT INTO locations (id,org_id,name,is_active,pinned,created_date,updated_date,created_by_id) VALUES ('6a467a6e58aabb77e091d92e','6a3581a8dded9338bfd3e921','Holly Ridge Middle School',1,0,'2026-07-02T14:49:18.225000','2026-07-02T14:49:18.225000','6a3573092befa652a38607c4');
INSERT INTO locations (id,org_id,name,is_active,pinned,created_date,updated_date,created_by_id) VALUES ('6a467a6e58aabb77e091d93a','6a3581a8dded9338bfd3e921','Knightdale High School',1,0,'2026-07-02T14:49:18.225000','2026-07-02T14:49:18.225000','6a3573092befa652a38607c4');
INSERT INTO locations (id,org_id,name,is_active,pinned,created_date,updated_date,created_by_id) VALUES ('6a467a6e58aabb77e091d93d','6a3581a8dded9338bfd3e921','Leesville Road Elementary School',1,0,'2026-07-02T14:49:18.225000','2026-07-02T14:49:18.225000','6a3573092befa652a38607c4');
INSERT INTO locations (id,org_id,name,is_active,pinned,created_date,updated_date,created_by_id) VALUES ('6a467a6e58aabb77e091d912','6a3581a8dded9338bfd3e921','Neuse River Middle School',1,0,'2026-07-02T14:49:18.225000','2026-07-02T14:49:18.225000','6a3573092befa652a38607c4');
INSERT INTO locations (id,org_id,name,is_active,pinned,created_date,updated_date,created_by_id) VALUES ('6a467a6e58aabb77e091d913','6a3581a8dded9338bfd3e921','East Wake High School',1,0,'2026-07-02T14:49:18.225000','2026-07-02T14:49:18.225000','6a3573092befa652a38607c4');
INSERT INTO locations (id,org_id,name,is_active,pinned,created_date,updated_date,created_by_id) VALUES ('6a467a6e58aabb77e091d8cf','6a3581a8dded9338bfd3e921','WCPSS at Crossroads I',1,0,'2026-07-02T14:49:18.224000','2026-07-02T14:49:18.224000','6a3573092befa652a38607c4');
INSERT INTO locations (id,org_id,name,is_active,pinned,created_date,updated_date,created_by_id) VALUES ('6a467a6e58aabb77e091d8d3','6a3581a8dded9338bfd3e921','Fuquay-Varina Resource Education Center',1,0,'2026-07-02T14:49:18.224000','2026-07-02T14:49:18.224000','6a3573092befa652a38607c4');
INSERT INTO locations (id,org_id,name,is_active,pinned,created_date,updated_date,created_by_id) VALUES ('6a467a6e58aabb77e091d8ee','6a3581a8dded9338bfd3e921','Brassfield Elementary School',1,0,'2026-07-02T14:49:18.224000','2026-07-02T14:49:18.224000','6a3573092befa652a38607c4');
INSERT INTO locations (id,org_id,name,is_active,pinned,created_date,updated_date,created_by_id) VALUES ('6a467a6e58aabb77e091d8f0','6a3581a8dded9338bfd3e921','Briarcliff Elementary School',1,0,'2026-07-02T14:49:18.224000','2026-07-02T14:49:18.224000','6a3573092befa652a38607c4');
INSERT INTO locations (id,org_id,name,is_active,pinned,created_date,updated_date,created_by_id) VALUES ('6a467a6e58aabb77e091d8d2','6a3581a8dded9338bfd3e921','Rock Quarry Service Center',1,0,'2026-07-02T14:49:18.224000','2026-07-02T14:49:18.224000','6a3573092befa652a38607c4');
INSERT INTO locations (id,org_id,name,is_active,pinned,created_date,updated_date,created_by_id) VALUES ('6a467a6e58aabb77e091d8d9','6a3581a8dded9338bfd3e921','Adams Elementary School',1,0,'2026-07-02T14:49:18.224000','2026-07-02T14:49:18.224000','6a3573092befa652a38607c4');
INSERT INTO locations (id,org_id,name,is_active,pinned,created_date,updated_date,created_by_id) VALUES ('6a467a6e58aabb77e091d8e8','6a3581a8dded9338bfd3e921','Ballentine Elementary School',1,0,'2026-07-02T14:49:18.224000','2026-07-02T14:49:18.224000','6a3573092befa652a38607c4');
INSERT INTO locations (id,org_id,name,is_active,pinned,created_date,updated_date,created_by_id) VALUES ('6a467a6e58aabb77e091d8f7','6a3581a8dded9338bfd3e921','Carnage Middle School',1,0,'2026-07-02T14:49:18.224000','2026-07-02T14:49:18.224000','6a3573092befa652a38607c4');
INSERT INTO locations (id,org_id,name,is_active,pinned,created_date,updated_date,created_by_id) VALUES ('6a467a6e58aabb77e091d8d7','6a3581a8dded9338bfd3e921','River Bend Elementary School',1,0,'2026-07-02T14:49:18.224000','2026-07-02T14:49:18.224000','6a3573092befa652a38607c4');
INSERT INTO locations (id,org_id,name,is_active,pinned,created_date,updated_date,created_by_id) VALUES ('6a467a6e58aabb77e091d8e4','6a3581a8dded9338bfd3e921','Aversboro Elementary School',1,0,'2026-07-02T14:49:18.224000','2026-07-02T14:49:18.224000','6a3573092befa652a38607c4');
INSERT INTO locations (id,org_id,name,is_active,pinned,created_date,updated_date,created_by_id) VALUES ('6a467a6e58aabb77e091d8ea','6a3581a8dded9338bfd3e921','Barwell Road Elementary School',1,0,'2026-07-02T14:49:18.224000','2026-07-02T14:49:18.224000','6a3573092befa652a38607c4');
INSERT INTO locations (id,org_id,name,is_active,pinned,created_date,updated_date,created_by_id) VALUES ('6a467a6e58aabb77e091d8d5','6a3581a8dded9338bfd3e921','Early Learning Center at Memory Road',1,0,'2026-07-02T14:49:18.224000','2026-07-02T14:49:18.224000','6a3573092befa652a38607c4');
INSERT INTO locations (id,org_id,name,is_active,pinned,created_date,updated_date,created_by_id) VALUES ('6a467a6e58aabb77e091d8ec','6a3581a8dded9338bfd3e921','Beaverdam Elementary School',1,0,'2026-07-02T14:49:18.224000','2026-07-02T14:49:18.224000','6a3573092befa652a38607c4');
INSERT INTO locations (id,org_id,name,is_active,pinned,created_date,updated_date,created_by_id) VALUES ('6a467a6e58aabb77e091d8f2','6a3581a8dded9338bfd3e921','Brooks Elementary School',1,0,'2026-07-02T14:49:18.224000','2026-07-02T14:49:18.224000','6a3573092befa652a38607c4');
INSERT INTO locations (id,org_id,name,is_active,pinned,created_date,updated_date,created_by_id) VALUES ('6a467a6e58aabb77e091d8db','6a3581a8dded9338bfd3e921','Alston Ridge Elementary School',1,0,'2026-07-02T14:49:18.224000','2026-07-02T14:49:18.224000','6a3573092befa652a38607c4');
INSERT INTO locations (id,org_id,name,is_active,pinned,created_date,updated_date,created_by_id) VALUES ('6a467a6e58aabb77e091d8de','6a3581a8dded9338bfd3e921','Apex Middle School',1,0,'2026-07-02T14:49:18.224000','2026-07-02T14:49:18.224000','6a3573092befa652a38607c4');
INSERT INTO locations (id,org_id,name,is_active,pinned,created_date,updated_date,created_by_id) VALUES ('6a467a6e58aabb77e091d8dc','6a3581a8dded9338bfd3e921','Apex Elementary School',1,0,'2026-07-02T14:49:18.224000','2026-07-02T14:49:18.224000','6a3573092befa652a38607c4');
INSERT INTO locations (id,org_id,name,is_active,pinned,created_date,updated_date,created_by_id) VALUES ('6a467a6e58aabb77e091d8dd','6a3581a8dded9338bfd3e921','Alston Ridge Middle School',1,0,'2026-07-02T14:49:18.224000','2026-07-02T14:49:18.224000','6a3573092befa652a38607c4');
INSERT INTO locations (id,org_id,name,is_active,pinned,created_date,updated_date,created_by_id) VALUES ('6a467a6e58aabb77e091d8ed','6a3581a8dded9338bfd3e921','Bowling Road Elementary School',1,0,'2026-07-02T14:49:18.224000','2026-07-02T14:49:18.224000','6a3573092befa652a38607c4');
INSERT INTO locations (id,org_id,name,is_active,pinned,created_date,updated_date,created_by_id) VALUES ('6a467a6e58aabb77e091d8ef','6a3581a8dded9338bfd3e921','Brentwood Elementary School',1,0,'2026-07-02T14:49:18.224000','2026-07-02T14:49:18.224000','6a3573092befa652a38607c4');
INSERT INTO locations (id,org_id,name,is_active,pinned,created_date,updated_date,created_by_id) VALUES ('6a467a6e58aabb77e091d8d1','6a3581a8dded9338bfd3e921','WCPSS at Crossroads III',1,0,'2026-07-02T14:49:18.224000','2026-07-02T14:49:18.224000','6a3573092befa652a38607c4');
INSERT INTO locations (id,org_id,name,is_active,pinned,created_date,updated_date,created_by_id) VALUES ('6a467a6e58aabb77e091d8df','6a3581a8dded9338bfd3e921','Apex Friendship Elementary School',1,0,'2026-07-02T14:49:18.224000','2026-07-02T14:49:18.224000','6a3573092befa652a38607c4');
INSERT INTO locations (id,org_id,name,is_active,pinned,created_date,updated_date,created_by_id) VALUES ('6a467a6e58aabb77e091d8e0','6a3581a8dded9338bfd3e921','Apex Friendship Middle School',1,0,'2026-07-02T14:49:18.224000','2026-07-02T14:49:18.224000','6a3573092befa652a38607c4');
INSERT INTO locations (id,org_id,name,is_active,pinned,created_date,updated_date,created_by_id) VALUES ('6a467a6e58aabb77e091d8e5','6a3581a8dded9338bfd3e921','Longview High School',1,0,'2026-07-02T14:49:18.224000','2026-07-02T14:49:18.224000','6a3573092befa652a38607c4');
INSERT INTO locations (id,org_id,name,is_active,pinned,created_date,updated_date,created_by_id) VALUES ('6a467a6e58aabb77e091d8f6','6a3581a8dded9338bfd3e921','Bugg Elementary School',1,0,'2026-07-02T14:49:18.224000','2026-07-02T14:49:18.224000','6a3573092befa652a38607c4');
INSERT INTO locations (id,org_id,name,is_active,pinned,created_date,updated_date,created_by_id) VALUES ('6a467a6e58aabb77e091d8f9','6a3581a8dded9338bfd3e921','Carroll Middle School',1,0,'2026-07-02T14:49:18.224000','2026-07-02T14:49:18.224000','6a3573092befa652a38607c4');
INSERT INTO locations (id,org_id,name,is_active,pinned,created_date,updated_date,created_by_id) VALUES ('6a467a6e58aabb77e091d8d8','6a3581a8dded9338bfd3e921','Abbotts Creek Elementary School',1,0,'2026-07-02T14:49:18.224000','2026-07-02T14:49:18.224000','6a3573092befa652a38607c4');
INSERT INTO locations (id,org_id,name,is_active,pinned,created_date,updated_date,created_by_id) VALUES ('6a467a6e58aabb77e091d8da','6a3581a8dded9338bfd3e921','Herbert Akins Road Elementary School',1,0,'2026-07-02T14:49:18.224000','2026-07-02T14:49:18.224000','6a3573092befa652a38607c4');
INSERT INTO locations (id,org_id,name,is_active,pinned,created_date,updated_date,created_by_id) VALUES ('6a467a6e58aabb77e091d8e2','6a3581a8dded9338bfd3e921','Apex Friendship High School',1,0,'2026-07-02T14:49:18.224000','2026-07-02T14:49:18.224000','6a3573092befa652a38607c4');
INSERT INTO locations (id,org_id,name,is_active,pinned,created_date,updated_date,created_by_id) VALUES ('6a467a6e58aabb77e091d8e3','6a3581a8dded9338bfd3e921','Athens Drive High School',1,0,'2026-07-02T14:49:18.224000','2026-07-02T14:49:18.224000','6a3573092befa652a38607c4');
INSERT INTO locations (id,org_id,name,is_active,pinned,created_date,updated_date,created_by_id) VALUES ('6a467a6e58aabb77e091d8f3','6a3581a8dded9338bfd3e921','Broughton High School',1,0,'2026-07-02T14:49:18.224000','2026-07-02T14:49:18.224000','6a3573092befa652a38607c4');
INSERT INTO locations (id,org_id,name,is_active,pinned,created_date,updated_date,created_by_id) VALUES ('6a467a6e58aabb77e091d8f4','6a3581a8dded9338bfd3e921','Bryan Road Elementary School',1,0,'2026-07-02T14:49:18.224000','2026-07-02T14:49:18.224000','6a3573092befa652a38607c4');
INSERT INTO locations (id,org_id,name,is_active,pinned,created_date,updated_date,created_by_id) VALUES ('6a467a6e58aabb77e091d8e6','6a3581a8dded9338bfd3e921','Banks Road Elementary School',1,0,'2026-07-02T14:49:18.224000','2026-07-02T14:49:18.224000','6a3573092befa652a38607c4');
INSERT INTO locations (id,org_id,name,is_active,pinned,created_date,updated_date,created_by_id) VALUES ('6a467a6e58aabb77e091d8f1','6a3581a8dded9338bfd3e921','Brier Creek Elementary School',1,0,'2026-07-02T14:49:18.224000','2026-07-02T14:49:18.224000','6a3573092befa652a38607c4');
INSERT INTO locations (id,org_id,name,is_active,pinned,created_date,updated_date,created_by_id) VALUES ('6a467a6e58aabb77e091d8fa','6a3581a8dded9338bfd3e921','Carver Elementary School',1,0,'2026-07-02T14:49:18.224000','2026-07-02T14:49:18.224000','6a3573092befa652a38607c4');
INSERT INTO locations (id,org_id,name,is_active,pinned,created_date,updated_date,created_by_id) VALUES ('6a467a6e58aabb77e091d8d0','6a3581a8dded9338bfd3e921','WCPSS at Crossroads II',1,0,'2026-07-02T14:49:18.224000','2026-07-02T14:49:18.224000','6a3573092befa652a38607c4');
INSERT INTO locations (id,org_id,name,is_active,pinned,created_date,updated_date,created_by_id) VALUES ('6a467a6e58aabb77e091d8eb','6a3581a8dded9338bfd3e921','Barton Pond Elementary School',1,0,'2026-07-02T14:49:18.224000','2026-07-02T14:49:18.224000','6a3573092befa652a38607c4');
INSERT INTO locations (id,org_id,name,is_active,pinned,created_date,updated_date,created_by_id) VALUES ('6a467a6e58aabb77e091d8f8','6a3581a8dded9338bfd3e921','Carpenter Elementary School',1,0,'2026-07-02T14:49:18.224000','2026-07-02T14:49:18.224000','6a3573092befa652a38607c4');
INSERT INTO locations (id,org_id,name,is_active,pinned,created_date,updated_date,created_by_id) VALUES ('6a467a6e58aabb77e091d8d6','6a3581a8dded9338bfd3e921','Spring Forest Road Resource Education Center',1,0,'2026-07-02T14:49:18.224000','2026-07-02T14:49:18.224000','6a3573092befa652a38607c4');
INSERT INTO locations (id,org_id,name,is_active,pinned,created_date,updated_date,created_by_id) VALUES ('6a467a6e58aabb77e091d8e7','6a3581a8dded9338bfd3e921','Baileywick Road Elementary School',1,0,'2026-07-02T14:49:18.224000','2026-07-02T14:49:18.224000','6a3573092befa652a38607c4');
INSERT INTO locations (id,org_id,name,is_active,pinned,created_date,updated_date,created_by_id) VALUES ('6a467a6e58aabb77e091d8d4','6a3581a8dded9338bfd3e921','Garner Resource Education Center',1,0,'2026-07-02T14:49:18.224000','2026-07-02T14:49:18.224000','6a3573092befa652a38607c4');
INSERT INTO locations (id,org_id,name,is_active,pinned,created_date,updated_date,created_by_id) VALUES ('6a467a6e58aabb77e091d8e9','6a3581a8dded9338bfd3e921','Baucom Elementary School',1,0,'2026-07-02T14:49:18.224000','2026-07-02T14:49:18.224000','6a3573092befa652a38607c4');
INSERT INTO locations (id,org_id,name,is_active,pinned,created_date,updated_date,created_by_id) VALUES ('6a467a6e58aabb77e091d8e1','6a3581a8dded9338bfd3e921','Apex High School',1,0,'2026-07-02T14:49:18.224000','2026-07-02T14:49:18.224000','6a3573092befa652a38607c4');
INSERT INTO locations (id,org_id,name,is_active,pinned,created_date,updated_date,created_by_id) VALUES ('6a467a6e58aabb77e091d8f5','6a3581a8dded9338bfd3e921','Buckhorn Creek Elementary School',1,0,'2026-07-02T14:49:18.224000','2026-07-02T14:49:18.224000','6a3573092befa652a38607c4');

-- ---------------------------------------------------------------------
-- departments — 22 records
-- ---------------------------------------------------------------------
INSERT INTO departments (id,org_id,name,is_active,pinned,created_date,updated_date,created_by_id) VALUES ('6a590bc70989fecea949217d','6a3581a8dded9338bfd3e921','CTE - Welding',1,0,'2026-07-16T16:50:15.653000','2026-07-16T16:50:15.653000','6a4bc63c84f495981f282b99');
INSERT INTO departments (id,org_id,name,is_active,pinned,created_date,updated_date,created_by_id) VALUES ('6a590bc2a70aa293135ee0f3','6a3581a8dded9338bfd3e921','CTE - Agriculture',1,0,'2026-07-16T16:50:10.192000','2026-07-16T16:50:10.192000','6a4bc63c84f495981f282b99');
INSERT INTO departments (id,org_id,name,is_active,pinned,created_date,updated_date,created_by_id) VALUES ('6a590bbca0a60571051318bf','6a3581a8dded9338bfd3e921','CTE - Auto',1,0,'2026-07-16T16:50:04.410000','2026-07-16T16:50:21.469000','6a4bc63c84f495981f282b99');
INSERT INTO departments (id,org_id,name,is_active,pinned,created_date,updated_date,created_by_id) VALUES ('6a4d07509cd775d483bc4071','6a3581a8dded9338bfd3e921','M&O - Custodial',1,0,'2026-07-07T14:04:00.661000','2026-07-07T14:04:00.661000','6a4bc63c84f495981f282b99');
INSERT INTO departments (id,org_id,name,is_active,pinned,created_date,updated_date,created_by_id) VALUES ('6a4bcb8108e98abba6513ac6','6a3581a8dded9338bfd3e921','Art - Visual',1,0,'2026-07-06T15:36:33.985000','2026-07-16T16:49:36.383000','6a4bc63c84f495981f282b99');
INSERT INTO departments (id,org_id,name,is_active,pinned,created_date,updated_date,created_by_id) VALUES ('6a4bcb75b1df84104feb8ccf','6a3581a8dded9338bfd3e921','CNS',1,0,'2026-07-06T15:36:21.875000','2026-07-06T15:36:21.875000','6a4bc63c84f495981f282b99');
INSERT INTO departments (id,org_id,name,is_active,pinned,created_date,updated_date,created_by_id) VALUES ('6a4bcb6dc1afe53a2888016f','6a3581a8dded9338bfd3e921','Athletics',1,0,'2026-07-06T15:36:13.799000','2026-07-06T15:36:13.799000','6a4bc63c84f495981f282b99');
INSERT INTO departments (id,org_id,name,is_active,pinned,created_date,updated_date,created_by_id) VALUES ('6a4bcb666b0a960afc20d59a','6a3581a8dded9338bfd3e921','Science',1,0,'2026-07-06T15:36:06.191000','2026-07-06T15:36:06.191000','6a4bc63c84f495981f282b99');
INSERT INTO departments (id,org_id,name,is_active,pinned,created_date,updated_date,created_by_id) VALUES ('6a4bcb5d1e4d9629fa4f56be','6a3581a8dded9338bfd3e921','CTE - Carpentry',1,0,'2026-07-06T15:35:57.566000','2026-07-16T16:50:34.523000','6a4bc63c84f495981f282b99');
INSERT INTO departments (id,org_id,name,is_active,pinned,created_date,updated_date,created_by_id) VALUES ('6a4bcb5a8574e51728fedce4','6a3581a8dded9338bfd3e921','Art - Theater',1,0,'2026-07-06T15:35:54.229000','2026-07-16T16:49:44.322000','6a4bc63c84f495981f282b99');
INSERT INTO departments (id,org_id,name,is_active,pinned,created_date,updated_date,created_by_id) VALUES ('6a4bcb501793bace161389fd','6a3581a8dded9338bfd3e921','Print Shop',1,0,'2026-07-06T15:35:44.969000','2026-07-06T15:35:44.969000','6a4bc63c84f495981f282b99');
INSERT INTO departments (id,org_id,name,is_active,pinned,created_date,updated_date,created_by_id) VALUES ('6a4bcb457fce8b3cf9a46384','6a3581a8dded9338bfd3e921','Purchasing',1,0,'2026-07-06T15:35:33.692000','2026-07-06T15:35:33.692000','6a4bc63c84f495981f282b99');
INSERT INTO departments (id,org_id,name,is_active,pinned,created_date,updated_date,created_by_id) VALUES ('6a4bcb16d56663dc401f2ee9','6a3581a8dded9338bfd3e921','Transportation - Bus Garage',1,0,'2026-07-06T15:34:46.758000','2026-07-06T15:34:46.758000','6a4bc63c84f495981f282b99');
INSERT INTO departments (id,org_id,name,is_active,pinned,created_date,updated_date,created_by_id) VALUES ('6a4bcb0bde4930a831787bbe','6a3581a8dded9338bfd3e921','Transportation - Fleet Garage',1,0,'2026-07-06T15:34:35.218000','2026-07-06T15:34:35.218000','6a4bc63c84f495981f282b99');
INSERT INTO departments (id,org_id,name,is_active,pinned,created_date,updated_date,created_by_id) VALUES ('6a4bcad423bac732a4b668ba','6a3581a8dded9338bfd3e921','M&O - Lockshop',1,0,'2026-07-06T15:33:40.086000','2026-07-06T15:33:40.086000','6a4bc63c84f495981f282b99');
INSERT INTO departments (id,org_id,name,is_active,pinned,created_date,updated_date,created_by_id) VALUES ('6a4bcac161c27e5d5cd80a09','6a3581a8dded9338bfd3e921','M&O - Plumbing',1,0,'2026-07-06T15:33:21.753000','2026-07-06T15:33:21.753000','6a4bc63c84f495981f282b99');
INSERT INTO departments (id,org_id,name,is_active,pinned,created_date,updated_date,created_by_id) VALUES ('6a4bcaadde4930a831787b31','6a3581a8dded9338bfd3e921','M&O - Regional Maintenance',1,0,'2026-07-06T15:33:01.906000','2026-07-06T15:33:01.906000','6a4bc63c84f495981f282b99');
INSERT INTO departments (id,org_id,name,is_active,pinned,created_date,updated_date,created_by_id) VALUES ('6a4bcaa01f9d38229ddf78fe','6a3581a8dded9338bfd3e921','M&O - Electrical',1,0,'2026-07-06T15:32:48.959000','2026-07-06T15:32:48.959000','6a4bc63c84f495981f282b99');
INSERT INTO departments (id,org_id,name,is_active,pinned,created_date,updated_date,created_by_id) VALUES ('6a4bca95147b8c96452462bc','6a3581a8dded9338bfd3e921','M&O - HVAC',1,0,'2026-07-06T15:32:37.216000','2026-07-06T15:32:37.216000','6a4bc63c84f495981f282b99');
INSERT INTO departments (id,org_id,name,is_active,pinned,created_date,updated_date,created_by_id) VALUES ('6a4bca7ff9b410f080f8ed5b','6a3581a8dded9338bfd3e921','M&O - Environmental & Grounds',1,0,'2026-07-06T15:32:15.967000','2026-07-06T15:32:15.967000','6a4bc63c84f495981f282b99');
INSERT INTO departments (id,org_id,name,is_active,pinned,created_date,updated_date,created_by_id) VALUES ('6a468000f71430fd0125979f','6a3581a8dded9338bfd3e921','All Departments',1,1,'2026-07-02T15:13:04.098000','2026-07-02T15:13:05.981000','6a3573092befa652a38607c4');
INSERT INTO departments (id,org_id,name,is_active,pinned,created_date,updated_date,created_by_id) VALUES ('6a467ed065908352e2f8c805','6a3581a8dded9338bfd3e921','Communications',1,0,'2026-07-02T15:08:00.820000','2026-07-02T15:08:00.820000','6a3573092befa652a38607c4');

-- ---------------------------------------------------------------------
-- teams — 1 record
-- ---------------------------------------------------------------------
INSERT INTO teams (id,org_id,name,description,member_user_ids,created_date,updated_date,created_by_id) VALUES ('6a3583429bc136784b52c156','6a3581a8dded9338bfd3e922','Security Team','Server and network security','["6a3573092befa652a38607c4"]','2026-06-19T17:58:26.550000','2026-06-19T17:58:26.550000','6a3573092befa652a38607c4');

-- ---------------------------------------------------------------------
-- custom_fields — 8 records
-- ---------------------------------------------------------------------
INSERT INTO custom_fields (id,org_id,name,input_type,options,display_order,status,created_date,updated_date,created_by_id) VALUES ('6a3581bcdded9338bfd3e92d','6a3581a8dded9338bfd3e921','Chemical Hazard Level','single-select','["Low","Medium","High","Extreme"]',0,'inactive','2026-06-19T17:51:56.799000','2026-07-08T15:56:34.989000','6a3573092befa652a38607c4');
INSERT INTO custom_fields (id,org_id,name,input_type,options,display_order,status,created_date,updated_date,created_by_id) VALUES ('6a3581bcdded9338bfd3e92f','6a3581a8dded9338bfd3e922','Document Status','single-select','["Draft","In Review","Approved","Archived"]',0,'active','2026-06-19T17:51:56.799000','2026-06-19T17:51:56.799000','6a3573092befa652a38607c4');
INSERT INTO custom_fields (id,org_id,name,input_type,options,display_order,status,created_date,updated_date,created_by_id) VALUES ('6a3581bcdded9338bfd3e92e','6a3581a8dded9338bfd3e921','CAS Number','text-short','[]',1,'active','2026-06-19T17:51:56.799000','2026-06-19T17:51:56.799000','6a3573092befa652a38607c4');
INSERT INTO custom_fields (id,org_id,name,input_type,options,display_order,status,created_date,updated_date,created_by_id) VALUES ('6a3581bcdded9338bfd3e930','6a3581a8dded9338bfd3e922','Affected Systems','multi-select','["Windows","macOS","Linux","Cloud","Network"]',1,'active','2026-06-19T17:51:56.799000','2026-06-19T17:51:56.799000','6a3573092befa652a38607c4');
INSERT INTO custom_fields (id,org_id,name,input_type,options,display_order,status,created_date,updated_date,created_by_id) VALUES ('6a46a27718e47d3eee43864d','6a3581a8dded9338bfd3e921','Alternative Names','text-paragraph','[]',2,'active','2026-07-02T17:40:07.302000','2026-07-02T17:40:07.302000','anonymous');
INSERT INTO custom_fields (id,org_id,name,input_type,options,display_order,status,created_date,updated_date,created_by_id) VALUES ('6a4cfc3cbf06eda971423db7','6a3581a8dded9338bfd3e921','Hazard Classification','multi-select','["Environmental Hazard","Corrosive","Acute Toxicity","Heath Hazard","Flammable","Irritation Hazard","Gas Under Pressure","Explosive","Oxidizer"]',3,'active','2026-07-07T13:16:44.158000','2026-07-07T13:16:44.158000','6a4bc63c84f495981f282b99');
INSERT INTO custom_fields (id,org_id,name,input_type,options,display_order,status,created_date,updated_date,created_by_id) VALUES ('6a4e63c6e7d34d5b381f657c','6a3581a8dded9338bfd3e921','NOTES','text-paragraph','[]',4,'active','2026-07-08T14:50:46.989000','2026-07-08T14:50:46.989000','6a4bc63c84f495981f282b99');
INSERT INTO custom_fields (id,org_id,name,input_type,options,display_order,status,created_date,updated_date,created_by_id) VALUES ('6a4e6560b7fe715a22a839ec','6a3581a8dded9338bfd3e921','Revision Date','text-short','[]',5,'active','2026-07-08T14:57:36.367000','2026-07-10T17:32:24.427000','6a4bc63c84f495981f282b99');

-- ---------------------------------------------------------------------
-- field_configs — 1 record
-- ---------------------------------------------------------------------
INSERT INTO field_configs (id,org_id,hidden_required_fields,add_screen_order,view_screen_order,dashboard_columns,created_date,updated_date,created_by_id) VALUES ('6a3582716ae18df518727773','6a3581a8dded9338bfd3e921','["renew_date","document_id","description"]','["title","custom_6a46a27718e47d3eee43864d","custom_6a3581bcdded9338bfd3e92e","custom_6a4cfc3cbf06eda971423db7","link_url","file","location","department","tags","custom_6a4e6560b7fe715a22a839ec","custom_6a4e63c6e7d34d5b381f657c"]','["title","custom_6a46a27718e47d3eee43864d","custom_6a3581bcdded9338bfd3e92e","custom_6a4cfc3cbf06eda971423db7","link_url","file","location","department","tags","custom_6a4e6560b7fe715a22a839ec","custom_6a4e63c6e7d34d5b381f657c"]','[{"display_mode":"values","key":"title","label":"Product Name"},{"display_mode":"values","key":"custom_6a46a27718e47d3eee43864d","label":"Alternative Names"},{"display_mode":"total","key":"location","label":"Sites"},{"display_mode":"values","key":"department","label":"Departments"},{"display_mode":"values","key":"custom_6a4cfc3cbf06eda971423db7","label":"Hazard Classification"}]','2026-06-19T17:54:57.826000','2026-07-16T14:57:07.439000','6a3573092befa652a38607c4');

-- ---------------------------------------------------------------------
-- kbb_documents (Safety Data Sheets) — 14 records
-- ---------------------------------------------------------------------
INSERT INTO kbb_documents (id,org_id,title,description,document_id,link_url,file_url,file_type,tags,location,department,renew_date,renew_notified_30,renew_notified_7,visibility,allowed_team_ids,creator_user_id,custom_field_values,is_archived,created_date,updated_date,created_by_id) VALUES ('6a59083df327b9ea73702ba4','6a3581a8dded9338bfd3e921','BioZide Disinfectant/Deodorant',NULL,NULL,NULL,'https://base44.app/api/apps/6a3573092befa652a38607c3/files/mp/public/6a3573092befa652a38607c3/70bc57a12_biozide.pdf','pdf','[]','["All Locations"]','["M&O - Custodial"]',NULL,0,0,'everyone','[]','6a4bc63c84f495981f282b99','{"6a4cfc3cbf06eda971423db7":["Heath Hazard"]}',0,'2026-07-16T16:35:09.088000','2026-07-16T16:35:09.088000','6a4bc63c84f495981f282b99');
INSERT INTO kbb_documents (id,org_id,title,description,document_id,link_url,file_url,file_type,tags,location,department,renew_date,renew_notified_30,renew_notified_7,visibility,allowed_team_ids,creator_user_id,custom_field_values,is_archived,created_date,updated_date,created_by_id) VALUES ('6a5907446e150f5353f91635','6a3581a8dded9338bfd3e921','Austin''s A-1 Bleach',NULL,NULL,NULL,'https://base44.app/api/apps/6a3573092befa652a38607c3/files/mp/public/6a3573092befa652a38607c3/b8129d595_00035AustinsA-1BleachCommercialSDS.pdf','pdf','[]','["All Locations"]','["M&O - Custodial"]',NULL,0,0,'everyone','[]','6a4bc63c84f495981f282b99','{"6a46a27718e47d3eee43864d":"Sodium Hypochlorite; Bleach; Liquid Bleach; Soda Bleach","6a4cfc3cbf06eda971423db7":["Environmental Hazard","Irritation Hazard"]}',0,'2026-07-16T16:31:00.637000','2026-07-16T16:31:33.269000','6a4bc63c84f495981f282b99');
INSERT INTO kbb_documents (id,org_id,title,description,document_id,link_url,file_url,file_type,tags,location,department,renew_date,renew_notified_30,renew_notified_7,visibility,allowed_team_ids,creator_user_id,custom_field_values,is_archived,created_date,updated_date,created_by_id) VALUES ('6a590401eaffde7ce6f6dfd5','6a3581a8dded9338bfd3e921','Methylene Blue ',NULL,NULL,'https://www.flinnsci.com/sds_524-methylene-blue/sds_524/?srsltid=AfmBOorf6wBBPojeOdrAQQHIYuhXYT7J5rgVfuqj9doey21G9AIT5kHD',NULL,NULL,'[]','["Felton Grove High School"]','["Science"]',NULL,0,0,'everyone','[]','6a4bc63c84f495981f282b99','{"6a4cfc3cbf06eda971423db7":["Irritation Hazard"]}',0,'2026-07-16T16:17:05.818000','2026-07-16T16:17:05.818000','6a4bc63c84f495981f282b99');
INSERT INTO kbb_documents (id,org_id,title,description,document_id,link_url,file_url,file_type,tags,location,department,renew_date,renew_notified_30,renew_notified_7,visibility,allowed_team_ids,creator_user_id,custom_field_values,is_archived,created_date,updated_date,created_by_id) VALUES ('6a590392bf8867f9d60f0cdb','6a3581a8dded9338bfd3e921','Electrophoresis Buffer Solution ',NULL,NULL,'https://www.flinnsci.com/sds_315.5-electrophoresis-buffer-solution-50x-concentrate/sds_315.5/?srsltid=AfmBOoqdWIEOvDkO11uWX0YEshxTCD5P2hDWqne5hHT3RREUj8iLPJu7',NULL,NULL,'[]','["Felton Grove High School"]','["Science"]',NULL,0,0,'everyone','[]','6a4bc63c84f495981f282b99','{}',0,'2026-07-16T16:15:14.603000','2026-07-16T16:15:14.603000','6a4bc63c84f495981f282b99');
INSERT INTO kbb_documents (id,org_id,title,description,document_id,link_url,file_url,file_type,tags,location,department,renew_date,renew_notified_30,renew_notified_7,visibility,allowed_team_ids,creator_user_id,custom_field_values,is_archived,created_date,updated_date,created_by_id) VALUES ('6a4e606eb805ecff582bf3ae','6a3581a8dded9338bfd3e921','Krylon ColorMaxx',NULL,NULL,NULL,'https://base44.app/api/apps/6a3573092befa652a38607c3/files/mp/public/6a3573092befa652a38607c3/723e5641b_Krylon_ColorMaxx.pdf','pdf','[]','["Garner High School"]','["M&O - Regional Maintenance","Athletics","M&O - Environmental & Grounds","M&O - Lockshop","M&O - Plumbing","Art - Theater","CTE - Carpentry"]',NULL,0,0,'everyone','[]','6a4bc63c84f495981f282b99','{"6a46a27718e47d3eee43864d":"Any Color","6a4cfc3cbf06eda971423db7":["Irritation Hazard","Heath Hazard","Flammable"]}',0,'2026-07-08T14:36:30.314000','2026-07-16T16:58:10.747000','6a4bc63c84f495981f282b99');
INSERT INTO kbb_documents (id,org_id,title,description,document_id,link_url,file_url,file_type,tags,location,department,renew_date,renew_notified_30,renew_notified_7,visibility,allowed_team_ids,creator_user_id,custom_field_values,is_archived,created_date,updated_date,created_by_id) VALUES ('6a4d0741aa0f375fa1cb0474','6a3581a8dded9338bfd3e921','All Star D-Fen (U17545)',NULL,NULL,NULL,'https://base44.app/api/apps/6a3573092befa652a38607c3/files/mp/public/6a3573092befa652a38607c3/259325d97_AllStarD-Fen.pdf','pdf','[]','["All Locations"]','["M&O - Custodial"]',NULL,0,0,'everyone','[]','6a4bc63c84f495981f282b99','{"6a4cfc3cbf06eda971423db7":["Flammable","Heath Hazard","Irritation Hazard"]}',0,'2026-07-07T14:03:45.509000','2026-07-08T13:14:20.786000','6a4bc63c84f495981f282b99');
INSERT INTO kbb_documents (id,org_id,title,description,document_id,link_url,file_url,file_type,tags,location,department,renew_date,renew_notified_30,renew_notified_7,visibility,allowed_team_ids,creator_user_id,custom_field_values,is_archived,created_date,updated_date,created_by_id) VALUES ('6a4d0354bc3b704d169ee449','6a3581a8dded9338bfd3e921','ABC Fire Extinguisher',NULL,NULL,'https://www.activarcpg.com/wp-content/uploads/Fire-Extinguisher-Cosmic-SDS.pdf',NULL,NULL,'[]','["All Locations"]','[]',NULL,0,0,'everyone','[]','6a4bc63c84f495981f282b99','{"6a4cfc3cbf06eda971423db7":["Gas Under Pressure"]}',0,'2026-07-07T13:47:00.739000','2026-07-07T13:47:00.739000','6a4bc63c84f495981f282b99');
INSERT INTO kbb_documents (id,org_id,title,description,document_id,link_url,file_url,file_type,tags,location,department,renew_date,renew_notified_30,renew_notified_7,visibility,allowed_team_ids,creator_user_id,custom_field_values,is_archived,created_date,updated_date,created_by_id) VALUES ('6a4d01bcad589d19ab816d17','6a3581a8dded9338bfd3e921','Sud N Kleen',NULL,NULL,NULL,'https://base44.app/api/apps/6a3573092befa652a38607c3/files/mp/public/6a3573092befa652a38607c3/e08bd8022_sudnkleen.pdf','pdf','["U23064"]','["Annex Warehouse - Poole Rd."]','[]',NULL,0,0,'everyone','[]','6a4bc63c84f495981f282b99','{"6a46a27718e47d3eee43864d":"U23064","6a4cfc3cbf06eda971423db7":["Flammable"]}',0,'2026-07-07T13:40:12.978000','2026-07-16T14:52:55.967000','6a4bc63c84f495981f282b99');
INSERT INTO kbb_documents (id,org_id,title,description,document_id,link_url,file_url,file_type,tags,location,department,renew_date,renew_notified_30,renew_notified_7,visibility,allowed_team_ids,creator_user_id,custom_field_values,is_archived,created_date,updated_date,created_by_id) VALUES ('6a4cfeb573a1e4ddcd2837da','6a3581a8dded9338bfd3e921','Barium Hydroxide',NULL,NULL,'https://www.fishersci.com/store/msds?partNumber=B46500&productDescription=BARIUM+HYDROXIDE+CERT+ACS+500G&vendorId=VN00033897&countryCode=US&language=en',NULL,NULL,'[]','["Felton Grove High School","Garner High School","Green Hope High School","Apex High School","Willow Spring High School"]','["Science"]',NULL,0,0,'everyone','[]','6a4bc63c84f495981f282b99','{"6a3581bcdded9338bfd3e92e":"12230-71-6","6a4cfc3cbf06eda971423db7":["Environmental Hazard","Irritation Hazard"]}',0,'2026-07-07T13:27:17.101000','2026-07-07T13:30:12.412000','6a4bc63c84f495981f282b99');
INSERT INTO kbb_documents (id,org_id,title,description,document_id,link_url,file_url,file_type,tags,location,department,renew_date,renew_notified_30,renew_notified_7,visibility,allowed_team_ids,creator_user_id,custom_field_values,is_archived,created_date,updated_date,created_by_id) VALUES ('6a46ac4c697e7cad1f1577d5','6a3581a8dded9338bfd3e921','Isopropyl Alcohol ',NULL,NULL,'https://imgcdn.mckesson.com/CumulusWeb/Click_and_learn/SDS_MGM23_ALCOHOL_ISOPROPYL_91PERCENT_16OZ_12CS.pdf',NULL,NULL,'["Flammable"]','["Felton Grove High School","Annex Warehouse - Poole Rd."]','["Science"]',NULL,0,0,'everyone','[]','6a4bc63c84f495981f282b99','{"6a46a27718e47d3eee43864d":"Isopropanol","6a4cfc3cbf06eda971423db7":["Flammable","Irritation Hazard"]}',0,'2026-07-02T18:22:04.479000','2026-07-07T13:42:09.820000','anonymous');
INSERT INTO kbb_documents (id,org_id,title,description,document_id,link_url,file_url,file_type,tags,location,department,renew_date,renew_notified_30,renew_notified_7,visibility,allowed_team_ids,creator_user_id,custom_field_values,is_archived,created_date,updated_date,created_by_id) VALUES ('6a3581b5dded9338bfd3e929','6a3581a8dded9338bfd3e921','Hydrochloric Acid SDS','Safety Data Sheet for Hydrochloric Acid (HCl). Contains handling, storage, PPE requirements and emergency response procedures.','SDS-001-HCL',NULL,'https://base44.app/api/apps/6a3573092befa652a38607c3/files/mp/public/6a3573092befa652a38607c3/10cb49514_Test-PDF-03.pdf','pdf','["SDS","chemical","acid","hazardous"]','["Felton Grove High School"]','["Safety","Communications"]','2026-07-15',0,1,'everyone','[]','6a4bc63c84f495981f282b99','{"6a3581bcdded9338bfd3e92d":"Low"}',0,'2026-06-19T17:51:49.575000','2026-07-16T14:56:29.165000','6a3573092befa652a38607c4');
INSERT INTO kbb_documents (id,org_id,title,description,document_id,link_url,file_url,file_type,tags,location,department,renew_date,renew_notified_30,renew_notified_7,visibility,allowed_team_ids,creator_user_id,custom_field_values,is_archived,created_date,updated_date,created_by_id) VALUES ('6a3581b5dded9338bfd3e92a','6a3581a8dded9338bfd3e921','Ethanol Material Safety Sheet','Comprehensive safety documentation for Ethanol usage in laboratory environments.','SDS-002-ETH','https://docs.google.com/document/d/1C4WCwVtgGothrdIGFjF4Ys51pMF5VKOjaSP16uo9Ch4/view','','','["SDS","ethanol","flammable"]','["Rock Quarry Service Center","WCPSS at Crossroads II"]','["Safety"]','2026-08-30',0,0,'everyone','[]','6a3573092befa652a38607c4','{}',0,'2026-06-19T17:51:49.575000','2026-07-02T14:56:43.615000','6a3573092befa652a38607c4');
INSERT INTO kbb_documents (id,org_id,title,description,document_id,link_url,file_url,file_type,tags,location,department,renew_date,renew_notified_30,renew_notified_7,visibility,allowed_team_ids,creator_user_id,custom_field_values,is_archived,created_date,updated_date,created_by_id) VALUES ('6a3581b5dded9338bfd3e92b','6a3581a8dded9338bfd3e922','Employee Onboarding SOP','Standard operating procedure for onboarding new IT team members. Covers account provisioning, access management, and equipment setup.','SOP-IT-001',NULL,NULL,NULL,'["onboarding","SOP","HR"]','["HQ"]','["IT","HR"]',NULL,0,0,'everyone','[]',NULL,'{}',0,'2026-06-19T17:51:49.575000','2026-06-19T17:51:49.575000','6a3573092befa652a38607c4');
INSERT INTO kbb_documents (id,org_id,title,description,document_id,link_url,file_url,file_type,tags,location,department,renew_date,renew_notified_30,renew_notified_7,visibility,allowed_team_ids,creator_user_id,custom_field_values,is_archived,created_date,updated_date,created_by_id) VALUES ('6a3581b5dded9338bfd3e92c','6a3581a8dded9338bfd3e922','Software Deployment Runbook','Step-by-step guide for deploying applications to production environments.','SOP-IT-042',NULL,NULL,NULL,'["deployment","production","runbook"]','["Remote","HQ"]','["IT"]','2026-06-25',0,1,'teams','["6a3583429bc136784b52c156"]','6a3573092befa652a38607c4','{}',0,'2026-06-19T17:51:49.575000','2026-06-26T08:00:17.136000','6a3573092befa652a38607c4');

-- ---------------------------------------------------------------------
-- notifications — 2 records
-- ---------------------------------------------------------------------
INSERT INTO notifications (id,user_id,org_id,document_id,type,message,is_read,document_title,created_date,updated_date,created_by_id) VALUES ('6a4e039152257a346efcf855','6a3573092befa652a38607c4','6a3581a8dded9338bfd3e921','6a3581b5dded9338bfd3e929','renewal_7','Document "Hydrochloric Acid SDS" is due for renewal in 7 days.',0,'Hydrochloric Acid SDS','2026-07-08T08:00:17.302000','2026-07-08T08:00:17.302000','service_913d52e5-d166-40b3-b107-80622007e097');
INSERT INTO notifications (id,user_id,org_id,document_id,type,message,is_read,document_title,created_date,updated_date,created_by_id) VALUES ('6a3e31918b875faa8af26c26','6a3573092befa652a38607c4','6a3581a8dded9338bfd3e922','6a3581b5dded9338bfd3e92c','renewal_overdue','Document "Software Deployment Runbook" is overdue for renewal.',1,'Software Deployment Runbook','2026-06-26T08:00:17.030000','2026-07-06T15:21:16.860000','service_913d52e5-d166-40b3-b107-80622007e097');

COMMIT;
PRAGMA foreign_keys = ON;